bank_id,quarter,is_treated,is_post,did_interaction,bank_size,capital_ratio,liquidity_ratio
BANK_01,2018-03-31,1,0,0,10.847463733430462,0.1217617878004984,0.16710109240363955
BANK_01,2018-06-30,1,0,0,10.847463733430462,0.1142036702053619,0.16092478871551097
BANK_01,2018-09-30,1,0,0,10.847463733430462,0.13940323100625582,0.16230953722945132
BANK_01,2018-12-31,1,0,0,10.847463733430462,0.08840504091419145,0.1519106310860964
BANK_01,2019-03-31,1,0,0,10.847463733430462,0.12444611706525227,0.17057423508862377
BANK_01,2019-06-30,1,0,0,10.847463733430462,0.12182094445971609,0.16051360859479635
BANK_01,2019-09-30,1,0,0,10.847463733430462,0.09761551065586961,0.15040991903573223
BANK_01,2019-12-31,1,0,0,10.847463733430462,0.12856166932871083,0.17382004604171944
BANK_01,2020-03-31,1,0,0,10.847463733430462,0.1347944331533883,0.16304449119870854
BANK_01,2020-06-30,1,0,0,10.847463733430462,0.11068054393165627,0.16257207490980108
BANK_01,2020-09-30,1,0,0,10.847463733430462,0.11899783584666593,0.17437356328333528
BANK_01,2020-12-31,1,0,0,10.847463733430462,0.12211801263546221,0.16007306372740632
BANK_01,2021-03-31,1,0,0,10.847463733430462,0.10027970941109215,0.16232296158176404
BANK_01,2021-06-30,1,0,0,10.847463733430462,0.10253497715839664,0.16176180922052322
BANK_01,2021-09-30,1,0,0,10.847463733430462,0.08215653642780453,0.16165022798109338
BANK_01,2021-12-31,1,0,0,10.847463733430462,0.10793588108794762,0.15144071082170632
BANK_01,2022-03-31,1,0,0,10.847463733430462,0.11544999563414066,0.14211503495019503
BANK_01,2022-06-30,1,1,1,10.847463733430462,0.08183001499634297,0.13357304541936635
BANK_01,2022-09-30,1,1,1,10.847463733430462,0.11133459560328826,0.12106879726370777
BANK_01,2022-12-31,1,1,1,10.847463733430462,0.12619961318591666,0.12665182752605267
BANK_01,2023-03-31,1,1,1,10.847463733430462,0.08512084789962608,0.13549576345062667
BANK_01,2023-06-30,1,1,1,10.847463733430462,0.08310090327011646,0.11729128193123961
BANK_01,2023-09-30,1,1,1,10.847463733430462,0.1182457940898924,0.15389035957392463
BANK_01,2023-12-31,1,1,1,10.847463733430462,0.12356548002335971,0.14843413758320534
BANK_01,2024-03-31,1,1,1,10.847463733430462,0.09937738837647477,0.13015143278259864
BANK_01,2024-06-30,1,1,1,10.847463733430462,0.12771117168612223,0.1344207401686673
BANK_01,2024-09-30,1,1,1,10.847463733430462,0.08470738288053596,0.12555501255780818
BANK_01,2024-12-31,1,1,1,10.847463733430462,0.08152104460492746,0.11330867640909469
BANK_01,2025-03-31,1,1,1,10.847463733430462,0.09039765920425075,0.12228180922243245
BANK_01,2025-06-30,1,1,1,10.847463733430462,0.08938622256026517,0.14661301730608156
BANK_01,2025-09-30,1,1,1,10.847463733430462,0.12287575536200375,0.1331776703243712
BANK_01,2025-12-31,1,1,1,10.847463733430462,0.11961184260306389,0.11387772692825476
BANK_02,2018-03-31,1,0,0,11.399669484729714,0.1051760037456674,0.19122156197012632
BANK_02,2018-06-30,1,0,0,11.399669484729714,0.09486385937006946,0.18032465260551145
BANK_02,2018-09-30,1,0,0,11.399669484729714,0.08086360931778536,0.1826691114918662
BANK_02,2018-12-31,1,0,0,11.399669484729714,0.08696435843041497,0.16292330534381216
BANK_02,2019-03-31,1,0,0,11.399669484729714,0.10845042974523952,0.17443819428146226
BANK_02,2019-06-30,1,0,0,11.399669484729714,0.08587004963906009,0.17774634053429336
BANK_02,2019-09-30,1,0,0,11.399669484729714,0.09039211219460092,0.13758732659930925
BANK_02,2019-12-31,1,0,0,11.399669484729714,0.1060310989542784,0.15975612358665708
BANK_02,2020-03-31,1,0,0,11.399669484729714,0.11810561905205863,0.18632411303931634
BANK_02,2020-06-30,1,0,0,11.399669484729714,0.08271824058632267,0.15569858622039365
BANK_02,2020-09-30,1,0,0,11.399669484729714,0.11018817551480527,0.18441273289066115
BANK_02,2020-12-31,1,0,0,11.399669484729714,0.13138939047129936,0.15564137848820558
BANK_02,2021-03-31,1,0,0,11.399669484729714,0.08423412484402579,0.16018491348952046
BANK_02,2021-06-30,1,0,0,11.399669484729714,0.11854515669237894,0.17462103474263269
BANK_02,2021-09-30,1,0,0,11.399669484729714,0.13641381448549747,0.17069802084990018
BANK_02,2021-12-31,1,0,0,11.399669484729714,0.11452845067255274,0.16614686403138237
BANK_02,2022-03-31,1,0,0,11.399669484729714,0.107495173429491,0.1858601681614535
BANK_02,2022-06-30,1,1,1,11.399669484729714,0.1127370073589561,0.1276218450117315
BANK_02,2022-09-30,1,1,1,11.399669484729714,0.13767143382943486,0.13848214904964415
BANK_02,2022-12-31,1,1,1,11.399669484729714,0.13432103851736382,0.14588317206484575
BANK_02,2023-03-31,1,1,1,11.399669484729714,0.08427131890761375,0.14280991867735032
BANK_02,2023-06-30,1,1,1,11.399669484729714,0.09913853781762569,0.13377300480179405
BANK_02,2023-09-30,1,1,1,11.399669484729714,0.08708988965729939,0.13410635243055788
BANK_02,2023-12-31,1,1,1,11.399669484729714,0.12180422992184906,0.14849602097021022
BANK_02,2024-03-31,1,1,1,11.399669484729714,0.12410426262823315,0.1489959987543325
BANK_02,2024-06-30,1,1,1,11.399669484729714,0.12820885582309094,0.14307299520876607
BANK_02,2024-09-30,1,1,1,11.399669484729714,0.1250368850984515,0.13171004989077925
BANK_02,2024-12-31,1,1,1,11.399669484729714,0.12841008435603585,0.1343981895980303
BANK_02,2025-03-31,1,1,1,11.399669484729714,0.10232108514756699,0.1397909840603585
BANK_02,2025-06-30,1,1,1,11.399669484729714,0.1265847776445198,0.1411732738330878
BANK_02,2025-09-30,1,1,1,11.399669484729714,0.13150476511058073,0.14547097381170038
BANK_02,2025-12-31,1,1,1,11.399669484729714,0.1057396416425011,0.13797807347566104
BANK_03,2018-03-31,1,0,0,13.754355338957486,0.134153174400774,0.17592084647228703
BANK_03,2018-06-30,1,0,0,13.754355338957486,0.11031514234687144,0.18261623055972465
BANK_03,2018-09-30,1,0,0,13.754355338957486,0.13373139370977205,0.1747681190641289
BANK_03,2018-12-31,1,0,0,13.754355338957486,0.1033521007240498,0.18949142987780998
BANK_03,2019-03-31,1,0,0,13.754355338957486,0.1370037180230483,0.17728959537711456
BANK_03,2019-06-30,1,0,0,13.754355338957486,0.13703642881625339,0.17386905317091622
BANK_03,2019-09-30,1,0,0,13.754355338957486,0.1069067313186992,0.19912317639839971
BANK_03,2019-12-31,1,0,0,13.754355338957486,0.09759264630188388,0.19065227082546918
BANK_03,2020-03-31,1,0,0,13.754355338957486,0.1251424717662608,0.19204922921778572
BANK_03,2020-06-30,1,0,0,13.754355338957486,0.12749474262355093,0.16803339530786476
BANK_03,2020-09-30,1,0,0,13.754355338957486,0.11297173293942414,0.17300853421908083
BANK_03,2020-12-31,1,0,0,13.754355338957486,0.10649183008240262,0.17991182953754192
BANK_03,2021-03-31,1,0,0,13.754355338957486,0.08702402098565636,0.17690907490803076
BANK_03,2021-06-30,1,0,0,13.754355338957486,0.08857950092317016,0.18803813051376259
BANK_03,2021-09-30,1,0,0,13.754355338957486,0.08606736056736741,0.18613841341475423
BANK_03,2021-12-31,1,0,0,13.754355338957486,0.08504640836689985,0.19357880788099988
BANK_03,2022-03-31,1,0,0,13.754355338957486,0.12931160355742138,0.1756669659309744
BANK_03,2022-06-30,1,1,1,13.754355338957486,0.12237453362938978,0.15203822727527466
BANK_03,2022-09-30,1,1,1,13.754355338957486,0.13683491464303155,0.16154354338408924
BANK_03,2022-12-31,1,1,1,13.754355338957486,0.13916006382937227,0.14522618269424678
BANK_03,2023-03-31,1,1,1,13.754355338957486,0.08501004300192012,0.14335772556695578
BANK_03,2023-06-30,1,1,1,13.754355338957486,0.1266288149556462,0.1636011136624817
BANK_03,2023-09-30,1,1,1,13.754355338957486,0.13438126310568416,0.12962924065027862
BANK_03,2023-12-31,1,1,1,13.754355338957486,0.08667184893836909,0.1657003228054267
BANK_03,2024-03-31,1,1,1,13.754355338957486,0.10811963851964758,0.14697675757923692
BANK_03,2024-06-30,1,1,1,13.754355338957486,0.08337819654091025,0.14995437171009704
BANK_03,2024-09-30,1,1,1,13.754355338957486,0.11500212590582959,0.16271138225980913
BANK_03,2024-12-31,1,1,1,13.754355338957486,0.13773035290847252,0.1577086310146404
BANK_03,2025-03-31,1,1,1,13.754355338957486,0.13211594769136764,0.13554390027527918
BANK_03,2025-06-30,1,1,1,13.754355338957486,0.09341575031116717,0.1415586308648226
BANK_03,2025-09-30,1,1,1,13.754355338957486,0.13957788776715804,0.1506965266451888
BANK_03,2025-12-31,1,1,1,13.754355338957486,0.08442779388412393,0.15983504306358465
BANK_04,2018-03-31,1,0,0,12.769271422006604,0.11776391828811576,0.19024510174258943
BANK_04,2018-06-30,1,0,0,12.769271422006604,0.12174492133907705,0.1949799829124545
BANK_04,2018-09-30,1,0,0,12.769271422006604,0.11505885871538601,0.21153182457511557
BANK_04,2018-12-31,1,0,0,12.769271422006604,0.13406948062945934,0.1823265243711195
BANK_04,2019-03-31,1,0,0,12.769271422006604,0.09664287097886796,0.21189802933217672
BANK_04,2019-06-30,1,0,0,12.769271422006604,0.09128726958342569,0.18191701714644848
BANK_04,2019-09-30,1,0,0,12.769271422006604,0.11501936671105234,0.16876104275690193
BANK_04,2019-12-31,1,0,0,12.769271422006604,0.08466407821789909,0.1847424497831924
BANK_04,2020-03-31,1,0,0,12.769271422006604,0.09857165697717968,0.19341755975777158
BANK_04,2020-06-30,1,0,0,12.769271422006604,0.12882770118241693,0.20876170839215885
BANK_04,2020-09-30,1,0,0,12.769271422006604,0.13465563106963058,0.18101585328651643
BANK_04,2020-12-31,1,0,0,12.769271422006604,0.12935223457539013,0.19491919171506505
BANK_04,2021-03-31,1,0,0,12.769271422006604,0.1359637090012408,0.17679766792979357
BANK_04,2021-06-30,1,0,0,12.769271422006604,0.1319638333700245,0.20831458765854355
BANK_04,2021-09-30,1,0,0,12.769271422006604,0.13923656775889667,0.20179440120721287
BANK_04,2021-12-31,1,0,0,12.769271422006604,0.0890250134662117,0.18530824347895294
BANK_04,2022-03-31,1,0,0,12.769271422006604,0.1381948638688762,0.17286865470909124
BANK_04,2022-06-30,1,1,1,12.769271422006604,0.13052713538814253,0.17353872374165413
BANK_04,2022-09-30,1,1,1,12.769271422006604,0.10488917014025992,0.15885460154747383
BANK_04,2022-12-31,1,1,1,12.769271422006604,0.09640442431584238,0.1723781631197346
BANK_04,2023-03-31,1,1,1,12.769271422006604,0.12613924491083064,0.16005243699718183
BANK_04,2023-06-30,1,1,1,12.769271422006604,0.13668594379294569,0.16046980593764743
BANK_04,2023-09-30,1,1,1,12.769271422006604,0.10703264811860562,0.15549934528520756
BANK_04,2023-12-31,1,1,1,12.769271422006604,0.08774956490908971,0.166228499323475
BANK_04,2024-03-31,1,1,1,12.769271422006604,0.09371856833020777,0.16120295631711898
BANK_04,2024-06-30,1,1,1,12.769271422006604,0.12030204106435141,0.1651443883405875
BANK_04,2024-09-30,1,1,1,12.769271422006604,0.08681345553197775,0.14465885829264377
BANK_04,2024-12-31,1,1,1,12.769271422006604,0.12029439173556798,0.1727767682189851
BANK_04,2025-03-31,1,1,1,12.769271422006604,0.11120981006671961,0.17551151975522522
BANK_04,2025-06-30,1,1,1,12.769271422006604,0.13113089001911243,0.1611567463429286
BANK_04,2025-09-30,1,1,1,12.769271422006604,0.1325992161595007,0.18060747924881987
BANK_04,2025-12-31,1,1,1,12.769271422006604,0.10420897197274383,0.17755340842443204
BANK_05,2018-03-31,1,0,0,10.670076142253203,0.09277784969053465,0.16489045173884478
BANK_05,2018-06-30,1,0,0,10.670076142253203,0.08818228853520618,0.15877825168480114
BANK_05,2018-09-30,1,0,0,10.670076142253203,0.10624849532142375,0.13269126896234432
BANK_05,2018-12-31,1,0,0,10.670076142253203,0.13424952166962492,0.1644433879198181
BANK_05,2019-03-31,1,0,0,10.670076142253203,0.1270191807644686,0.15200134419173422
BANK_05,2019-06-30,1,0,0,10.670076142253203,0.10379256693927622,0.12829134171869588
BANK_05,2019-09-30,1,0,0,10.670076142253203,0.13697123741945855,0.15981547376730082
BANK_05,2019-12-31,1,0,0,10.670076142253203,0.08882440885574228,0.1533070055706393
BANK_05,2020-03-31,1,0,0,10.670076142253203,0.0954946632979375,0.14985281741365064
BANK_05,2020-06-30,1,0,0,10.670076142253203,0.10754814537429569,0.15796405429696325
BANK_05,2020-09-30,1,0,0,10.670076142253203,0.0997250966172505,0.14993800860326126
BANK_05,2020-12-31,1,0,0,10.670076142253203,0.11800405125900355,0.15403119327085577
BANK_05,2021-03-31,1,0,0,10.670076142253203,0.08773278331463896,0.14877088693448545
BANK_05,2021-06-30,1,0,0,10.670076142253203,0.08768275033746635,0.14924696345244876
BANK_05,2021-09-30,1,0,0,10.670076142253203,0.10074003699943179,0.13898748095152888
BANK_05,2021-12-31,1,0,0,10.670076142253203,0.13380730459436072,0.15487673274923294
BANK_05,2022-03-31,1,0,0,10.670076142253203,0.0903391922720978,0.17055092608621472
BANK_05,2022-06-30,1,1,1,10.670076142253203,0.09153734112852024,0.1168063999246634
BANK_05,2022-09-30,1,1,1,10.670076142253203,0.08532215202542334,0.1118450092671151
BANK_05,2022-12-31,1,1,1,10.670076142253203,0.08723815226603605,0.11440974506766143
BANK_05,2023-03-31,1,1,1,10.670076142253203,0.10185619166288454,0.10565911130767476
BANK_05,2023-06-30,1,1,1,10.670076142253203,0.11020503625129142,0.11808467176086707
BANK_05,2023-09-30,1,1,1,10.670076142253203,0.12796462393454255,0.11898050487520143
BANK_05,2023-12-31,1,1,1,10.670076142253203,0.11767402336945448,0.12042134081741929
BANK_05,2024-03-31,1,1,1,10.670076142253203,0.12489558142301951,0.1285135426460051
BANK_05,2024-06-30,1,1,1,10.670076142253203,0.09107126116138264,0.11379636277464447
BANK_05,2024-09-30,1,1,1,10.670076142253203,0.10907137911146128,0.11452720163662478
BANK_05,2024-12-31,1,1,1,10.670076142253203,0.11709528629181776,0.10771945980876375
BANK_05,2025-03-31,1,1,1,10.670076142253203,0.1248482562880254,0.11373475817311456
BANK_05,2025-06-30,1,1,1,10.670076142253203,0.08220099217343588,0.09807869943758021
BANK_05,2025-09-30,1,1,1,10.670076142253203,0.13371241026123198,0.12851402092378827
BANK_05,2025-12-31,1,1,1,10.670076142253203,0.11070064652693998,0.11012064154203458
BANK_06,2018-03-31,1,0,0,12.660567426326578,0.11195703598730139,0.15872082408519234
BANK_06,2018-06-30,1,0,0,12.660567426326578,0.09454823021808378,0.15044459559399576
BANK_06,2018-09-30,1,0,0,12.660567426326578,0.08120427186666358,0.15243649254715697
BANK_06,2018-12-31,1,0,0,12.660567426326578,0.0993247499349907,0.14577746290402327
BANK_06,2019-03-31,1,0,0,12.660567426326578,0.08718572790915508,0.15353427115757473
BANK_06,2019-06-30,1,0,0,12.660567426326578,0.13343163684439371,0.14918451996385607
BANK_06,2019-09-30,1,0,0,12.660567426326578,0.1273502743164403,0.17687141635072565
BANK_06,2019-12-31,1,0,0,12.660567426326578,0.10990653193574344,0.16881639756949451
BANK_06,2020-03-31,1,0,0,12.660567426326578,0.11521046708125277,0.1607736830764762
BANK_06,2020-06-30,1,0,0,12.660567426326578,0.1247263684510598,0.15138715798671737
BANK_06,2020-09-30,1,0,0,12.660567426326578,0.09702655434792347,0.14962753845673543
BANK_06,2020-12-31,1,0,0,12.660567426326578,0.10178493778391812,0.15809661321916393
BANK_06,2021-03-31,1,0,0,12.660567426326578,0.10136580355387079,0.16926177547531643
BANK_06,2021-06-30,1,0,0,12.660567426326578,0.1391909149275788,0.1790941664047013
BANK_06,2021-09-30,1,0,0,12.660567426326578,0.08610694835722423,0.1460143242618086
BANK_06,2021-12-31,1,0,0,12.660567426326578,0.08917154835105992,0.16562969236690572
BANK_06,2022-03-31,1,0,0,12.660567426326578,0.09119402144307835,0.15349357430878174
BANK_06,2022-06-30,1,1,1,12.660567426326578,0.09710571012163083,0.12512874616235303
BANK_06,2022-09-30,1,1,1,12.660567426326578,0.1046238096193797,0.13048521627944829
BANK_06,2022-12-31,1,1,1,12.660567426326578,0.13894271701451638,0.12169049883588963
BANK_06,2023-03-31,1,1,1,12.660567426326578,0.13816822599652215,0.1276105195313359
BANK_06,2023-06-30,1,1,1,12.660567426326578,0.13193042755363882,0.12092436337958402
BANK_06,2023-09-30,1,1,1,12.660567426326578,0.09025325524340395,0.12423228669431667
BANK_06,2023-12-31,1,1,1,12.660567426326578,0.12011859319546586,0.13755391225825755
BANK_06,2024-03-31,1,1,1,12.660567426326578,0.114296761368194,0.13099332305429226
BANK_06,2024-06-30,1,1,1,12.660567426326578,0.09679874561961706,0.1375138712337179
BANK_06,2024-09-30,1,1,1,12.660567426326578,0.09942075418425463,0.12337376241054154
BANK_06,2024-12-31,1,1,1,12.660567426326578,0.10552618631698502,0.1357059866859316
BANK_06,2025-03-31,1,1,1,12.660567426326578,0.08689020948435222,0.11372457562116838
BANK_06,2025-06-30,1,1,1,12.660567426326578,0.11663720254649797,0.1304808494666138
BANK_06,2025-09-30,1,1,1,12.660567426326578,0.08926176291645214,0.13638592458777374
BANK_06,2025-12-31,1,1,1,12.660567426326578,0.10886840611128906,0.11338479937731041
BANK_07,2018-03-31,1,0,0,12.662947162757929,0.08806488061633846,0.1685144859499295
BANK_07,2018-06-30,1,0,0,12.662947162757929,0.08380249822836607,0.16592539862364733
BANK_07,2018-09-30,1,0,0,12.662947162757929,0.12089016333343577,0.16398031321103615
BANK_07,2018-12-31,1,0,0,12.662947162757929,0.12561367159338122,0.1776025109463536
BANK_07,2019-03-31,1,0,0,12.662947162757929,0.10471045484883612,0.16276660917548763
BANK_07,2019-06-30,1,0,0,12.662947162757929,0.10093209599257973,0.19433848078402416
BANK_07,2019-09-30,1,0,0,12.662947162757929,0.09087398396993962,0.17169729284390373
BANK_07,2019-12-31,1,0,0,12.662947162757929,0.08398977604200665,0.17089393919145648
BANK_07,2020-03-31,1,0,0,12.662947162757929,0.13050972660549634,0.17488044079378748
BANK_07,2020-06-30,1,0,0,12.662947162757929,0.08838634259757737,0.18580134095075201
BANK_07,2020-09-30,1,0,0,12.662947162757929,0.08981935657194227,0.16405483947275748
BANK_07,2020-12-31,1,0,0,12.662947162757929,0.08985594787585958,0.1758832851846064
BANK_07,2021-03-31,1,0,0,12.662947162757929,0.11138392548614717,0.17543483152963776
BANK_07,2021-06-30,1,0,0,12.662947162757929,0.10152982904741015,0.18034920927080597
BANK_07,2021-09-30,1,0,0,12.662947162757929,0.12899596636829463,0.1672979668132246
BANK_07,2021-12-31,1,0,0,12.662947162757929,0.1063480945142131,0.17947616937661406
BANK_07,2022-03-31,1,0,0,12.662947162757929,0.09808267244984853,0.1632358697951596
BANK_07,2022-06-30,1,1,1,12.662947162757929,0.12485656281057508,0.1176967009237411
BANK_07,2022-09-30,1,1,1,12.662947162757929,0.1339744743964741,0.12419748063256472
BANK_07,2022-12-31,1,1,1,12.662947162757929,0.10303347328239269,0.14016053418643928
BANK_07,2023-03-31,1,1,1,12.662947162757929,0.11745427975483953,0.1489241081981521
BANK_07,2023-06-30,1,1,1,12.662947162757929,0.08701388244250184,0.1409562044588939
BANK_07,2023-09-30,1,1,1,12.662947162757929,0.10009433687942518,0.14165194380120574
BANK_07,2023-12-31,1,1,1,12.662947162757929,0.08835632435980324,0.1456893667446964
BANK_07,2024-03-31,1,1,1,12.662947162757929,0.1120076655185793,0.14509378116336105
BANK_07,2024-06-30,1,1,1,12.662947162757929,0.13363355498305746,0.15247327055231724
BANK_07,2024-09-30,1,1,1,12.662947162757929,0.0987033240677329,0.1351260497607885
BANK_07,2024-12-31,1,1,1,12.662947162757929,0.09490934838886794,0.14403820558679303
BANK_07,2025-03-31,1,1,1,12.662947162757929,0.132605938205705,0.15509771312459622
BANK_07,2025-06-30,1,1,1,12.662947162757929,0.10052490492295446,0.1440203448004692
BANK_07,2025-09-30,1,1,1,12.662947162757929,0.08899504564092643,0.15286974963849592
BANK_07,2025-12-31,1,1,1,12.662947162757929,0.09375508371395849,0.1355536244175436
BANK_08,2018-03-31,1,0,0,13.611262841965331,0.12163690666802601,0.1886960592010566
BANK_08,2018-06-30,1,0,0,13.611262841965331,0.11256346660085578,0.1935563785880495
BANK_08,2018-09-30,1,0,0,13.611262841965331,0.09089586300808554,0.17226210800896427
BANK_08,2018-12-31,1,0,0,13.611262841965331,0.1345070336800177,0.1675534529668858
BANK_08,2019-03-31,1,0,0,13.611262841965331,0.10772034821864797,0.1622127975109572
BANK_08,2019-06-30,1,0,0,13.611262841965331,0.13683700037670893,0.19496044311489183
BANK_08,2019-09-30,1,0,0,13.611262841965331,0.11035332073306797,0.1827996862631982
BANK_08,2019-12-31,1,0,0,13.611262841965331,0.11668725412607889,0.16874510952701624
BANK_08,2020-03-31,1,0,0,13.611262841965331,0.12179904943261355,0.1810939479460489
BANK_08,2020-06-30,1,0,0,13.611262841965331,0.13534996287063775,0.1872576662389869
BANK_08,2020-09-30,1,0,0,13.611262841965331,0.1145773016100088,0.17209525544554688
BANK_08,2020-12-31,1,0,0,13.611262841965331,0.11640290278297136,0.18471468357135995
BANK_08,2021-03-31,1,0,0,13.611262841965331,0.1360620208861409,0.19593186626639397
BANK_08,2021-06-30,1,0,0,13.611262841965331,0.13553411077440658,0.17488784323568815
BANK_08,2021-09-30,1,0,0,13.611262841965331,0.1390904719377401,0.1701039517974142
BANK_08,2021-12-31,1,0,0,13.611262841965331,0.13033388518675607,0.1787421307990035
BANK_08,2022-03-31,1,0,0,13.611262841965331,0.11547652614469577,0.18055724912288693
BANK_08,2022-06-30,1,1,1,13.611262841965331,0.10394016223220783,0.1609419151847095
BANK_08,2022-09-30,1,1,1,13.611262841965331,0.1281712069158807,0.1484199210142101
BANK_08,2022-12-31,1,1,1,13.611262841965331,0.08027792138027617,0.14573118930052578
BANK_08,2023-03-31,1,1,1,13.611262841965331,0.11224373617627538,0.13987895624739832
BANK_08,2023-06-30,1,1,1,13.611262841965331,0.13519133698476565,0.1334514332813423
BANK_08,2023-09-30,1,1,1,13.611262841965331,0.1242500748865849,0.13710039100258944
BANK_08,2023-12-31,1,1,1,13.611262841965331,0.10713307645338843,0.13704921227936384
BANK_08,2024-03-31,1,1,1,13.611262841965331,0.088451421222788,0.14740408648636394
BANK_08,2024-06-30,1,1,1,13.611262841965331,0.0905832191903734,0.13496857046881894
BANK_08,2024-09-30,1,1,1,13.611262841965331,0.13489075406408602,0.12303113357058428
BANK_08,2024-12-31,1,1,1,13.611262841965331,0.101743633946998,0.14945705133482187
BANK_08,2025-03-31,1,1,1,13.611262841965331,0.08078566739530002,0.16848956094945344
BANK_08,2025-06-30,1,1,1,13.611262841965331,0.11981224232100265,0.16126565029547757
BANK_08,2025-09-30,1,1,1,13.611262841965331,0.08512098008471863,0.1473111130944517
BANK_08,2025-12-31,1,1,1,13.611262841965331,0.13981245511075685,0.1389347409125833
BANK_09,2018-03-31,1,0,0,12.510975051656214,0.12499762822395068,0.18322433787266293
BANK_09,2018-06-30,1,0,0,12.510975051656214,0.09259433558573515,0.19149286563472478
BANK_09,2018-09-30,1,0,0,12.510975051656214,0.09144126323981999,0.18885155980516977
BANK_09,2018-12-31,1,0,0,12.510975051656214,0.0821929800708857,0.1915503662359552
BANK_09,2019-03-31,1,0,0,12.510975051656214,0.08394251836570114,0.21569926839690334
BANK_09,2019-06-30,1,0,0,12.510975051656214,0.12653165700170066,0.17892895545399978
BANK_09,2019-09-30,1,0,0,12.510975051656214,0.1064457648162937,0.2038858226904029
BANK_09,2019-12-31,1,0,0,12.510975051656214,0.10404578365251957,0.16340648642950628
BANK_09,2020-03-31,1,0,0,12.510975051656214,0.09091568782971628,0.17822471634725065
BANK_09,2020-06-30,1,0,0,12.510975051656214,0.13170713726081104,0.1920370179813885
BANK_09,2020-09-30,1,0,0,12.510975051656214,0.09624468038861322,0.18850122033237537
BANK_09,2020-12-31,1,0,0,12.510975051656214,0.11863997259434095,0.19527764760931662
BANK_09,2021-03-31,1,0,0,12.510975051656214,0.08936915584197143,0.18638109028766997
BANK_09,2021-06-30,1,0,0,12.510975051656214,0.12295833373084386,0.1893041017708699
BANK_09,2021-09-30,1,0,0,12.510975051656214,0.09331832971597698,0.1891077882440633
BANK_09,2021-12-31,1,0,0,12.510975051656214,0.0938644877952843,0.1902998363452716
BANK_09,2022-03-31,1,0,0,12.510975051656214,0.09071267972326003,0.19098745777637335
BANK_09,2022-06-30,1,1,1,12.510975051656214,0.11916476647111249,0.15869654854012794
BANK_09,2022-09-30,1,1,1,12.510975051656214,0.09459033145996724,0.15649318472121213
BANK_09,2022-12-31,1,1,1,12.510975051656214,0.12333601591133955,0.1577078394844641
BANK_09,2023-03-31,1,1,1,12.510975051656214,0.1038310117771073,0.16234652005155087
BANK_09,2023-06-30,1,1,1,12.510975051656214,0.12008510819423879,0.16252755507537886
BANK_09,2023-09-30,1,1,1,12.510975051656214,0.1337801491112672,0.15342766681882505
BANK_09,2023-12-31,1,1,1,12.510975051656214,0.08078011541064416,0.1506264431777668
BANK_09,2024-03-31,1,1,1,12.510975051656214,0.1335603026646185,0.143302208279316
BANK_09,2024-06-30,1,1,1,12.510975051656214,0.12904661370430648,0.1776468693426272
BANK_09,2024-09-30,1,1,1,12.510975051656214,0.10278154449003601,0.1475849876905088
BANK_09,2024-12-31,1,1,1,12.510975051656214,0.11541769655088847,0.15183694590945154
BANK_09,2025-03-31,1,1,1,12.510975051656214,0.10456469913147443,0.1675635156928738
BANK_09,2025-06-30,1,1,1,12.510975051656214,0.11312283085111882,0.14586975654658224
BANK_09,2025-09-30,1,1,1,12.510975051656214,0.13690719841772941,0.14246530583749337
BANK_09,2025-12-31,1,1,1,12.510975051656214,0.12581634764958566,0.15455077765041092
BANK_10,2018-03-31,1,0,0,10.700565878832263,0.1336731336136455,0.1496236529757515
BANK_10,2018-06-30,1,0,0,10.700565878832263,0.12799131535683891,0.1610330188201652
BANK_10,2018-09-30,1,0,0,10.700565878832263,0.09612064156309677,0.14636387787786143
BANK_10,2018-12-31,1,0,0,10.700565878832263,0.11249805287965203,0.14943054376278933
BANK_10,2019-03-31,1,0,0,10.700565878832263,0.08836136444436946,0.13651814577894286
BANK_10,2019-06-30,1,0,0,10.700565878832263,0.13009581420795796,0.15743264094022713
BANK_10,2019-09-30,1,0,0,10.700565878832263,0.09030075715089822,0.15018433933065392
BANK_10,2019-12-31,1,0,0,10.700565878832263,0.09633843959116214,0.1534758170536167
BANK_10,2020-03-31,1,0,0,10.700565878832263,0.09644331324123237,0.1519584525509768
BANK_10,2020-06-30,1,0,0,10.700565878832263,0.11325068015094761,0.14021627222384966
BANK_10,2020-09-30,1,0,0,10.700565878832263,0.0923852763056362,0.16029155637325643
BANK_10,2020-12-31,1,0,0,10.700565878832263,0.08065974971950883,0.15472597482413042
BANK_10,2021-03-31,1,0,0,10.700565878832263,0.11603101162601921,0.15256029734313875
BANK_10,2021-06-30,1,0,0,10.700565878832263,0.11990220047277533,0.15982690983945513
BANK_10,2021-09-30,1,0,0,10.700565878832263,0.11113506231697026,0.13159125768668353
BANK_10,2021-12-31,1,0,0,10.700565878832263,0.08281795800650331,0.13720423033264298
BANK_10,2022-03-31,1,0,0,10.700565878832263,0.08496792007550759,0.1551765902046912
BANK_10,2022-06-30,1,1,1,10.700565878832263,0.1161891265679833,0.11274256186846535
BANK_10,2022-09-30,1,1,1,10.700565878832263,0.09732162420624199,0.11388482197008051
BANK_10,2022-12-31,1,1,1,10.700565878832263,0.10134036298789695,0.10593338903151778
BANK_10,2023-03-31,1,1,1,10.700565878832263,0.11398427841781383,0.11024126747022667
BANK_10,2023-06-30,1,1,1,10.700565878832263,0.10856302413194599,0.1305364179660784
BANK_10,2023-09-30,1,1,1,10.700565878832263,0.12395432583261504,0.12493317900880889
BANK_10,2023-12-31,1,1,1,10.700565878832263,0.0928964227154454,0.12184836123694874
BANK_10,2024-03-31,1,1,1,10.700565878832263,0.10978197483207419,0.11424362173762226
BANK_10,2024-06-30,1,1,1,10.700565878832263,0.11581057093501336,0.12122009814645361
BANK_10,2024-09-30,1,1,1,10.700565878832263,0.08639589518802632,0.13149273326285676
BANK_10,2024-12-31,1,1,1,10.700565878832263,0.08450826690414853,0.11296823574874112
BANK_10,2025-03-31,1,1,1,10.700565878832263,0.12130414378566418,0.11965011509503037
BANK_10,2025-06-30,1,1,1,10.700565878832263,0.10608964031622478,0.1377080063563551
BANK_10,2025-09-30,1,1,1,10.700565878832263,0.12796495273813877,0.12707751935455475
BANK_10,2025-12-31,1,1,1,10.700565878832263,0.12168178825126562,0.11437533224105732
BANK_11,2018-03-31,1,0,0,11.360725686149813,0.08549492439959805,0.1423713307112896
BANK_11,2018-06-30,1,0,0,11.360725686149813,0.13503881452773459,0.17144135202616417
BANK_11,2018-09-30,1,0,0,11.360725686149813,0.1125140568427015,0.14680652110862594
BANK_11,2018-12-31,1,0,0,11.360725686149813,0.13237675015258452,0.15773754780991325
BANK_11,2019-03-31,1,0,0,11.360725686149813,0.11952700200264305,0.1681669851771357
BANK_11,2019-06-30,1,0,0,11.360725686149813,0.12153659387107116,0.16618661959709932
BANK_11,2019-09-30,1,0,0,11.360725686149813,0.10936549781858844,0.1554625569146356
BANK_11,2019-12-31,1,0,0,11.360725686149813,0.09327256650917613,0.16632941633793466
BANK_11,2020-03-31,1,0,0,11.360725686149813,0.08203675871514793,0.1681848473463854
BANK_11,2020-06-30,1,0,0,11.360725686149813,0.12184521603481041,0.16133847654246
BANK_11,2020-09-30,1,0,0,11.360725686149813,0.13826349470992208,0.16446639731517085
BANK_11,2020-12-31,1,0,0,11.360725686149813,0.13665598934680606,0.15786727624034208
BANK_11,2021-03-31,1,0,0,11.360725686149813,0.13067296391210423,0.17129069437535144
BANK_11,2021-06-30,1,0,0,11.360725686149813,0.09914602839459534,0.1591958422629101
BANK_11,2021-09-30,1,0,0,11.360725686149813,0.08723401314663673,0.1459484007763554
BANK_11,2021-12-31,1,0,0,11.360725686149813,0.08461719209775255,0.16501033343517346
BANK_11,2022-03-31,1,0,0,11.360725686149813,0.1234860062917257,0.1495751512577286
BANK_11,2022-06-30,1,1,1,11.360725686149813,0.08392138044793654,0.14277926829238166
BANK_11,2022-09-30,1,1,1,11.360725686149813,0.12744338989033782,0.13412570396644122
BANK_11,2022-12-31,1,1,1,11.360725686149813,0.0991251501759242,0.11070315403685843
BANK_11,2023-03-31,1,1,1,11.360725686149813,0.11695179129093827,0.1386776502417089
BANK_11,2023-06-30,1,1,1,11.360725686149813,0.09397756848521803,0.13283032205395218
BANK_11,2023-09-30,1,1,1,11.360725686149813,0.12792699414641995,0.13713399590205447
BANK_11,2023-12-31,1,1,1,11.360725686149813,0.13987604663200026,0.13047017213123746
BANK_11,2024-03-31,1,1,1,11.360725686149813,0.10411585481655454,0.14223170950591457
BANK_11,2024-06-30,1,1,1,11.360725686149813,0.10879253721823454,0.12316568209869877
BANK_11,2024-09-30,1,1,1,11.360725686149813,0.13904500815195772,0.13919827510147664
BANK_11,2024-12-31,1,1,1,11.360725686149813,0.1260964048318711,0.13313861963470136
BANK_11,2025-03-31,1,1,1,11.360725686149813,0.1242549380953335,0.11318179674866771
BANK_11,2025-06-30,1,1,1,11.360725686149813,0.09432662874609815,0.11241401000005853
BANK_11,2025-09-30,1,1,1,11.360725686149813,0.09723433949924491,0.12699639511911373
BANK_11,2025-12-31,1,1,1,11.360725686149813,0.0977784872273594,0.12195213083339676
BANK_12,2018-03-31,1,0,0,11.16803875524955,0.1030595988295809,0.16965315112613216
BANK_12,2018-06-30,1,0,0,11.16803875524955,0.1207788369615842,0.17234214732536518
BANK_12,2018-09-30,1,0,0,11.16803875524955,0.13668392133748464,0.17984322398476582
BANK_12,2018-12-31,1,0,0,11.16803875524955,0.10804409067499218,0.16786011155774488
BANK_12,2019-03-31,1,0,0,11.16803875524955,0.13947011756821862,0.158772779784377
BANK_12,2019-06-30,1,0,0,11.16803875524955,0.0939003020830066,0.1738240974618405
BANK_12,2019-09-30,1,0,0,11.16803875524955,0.11646420769273155,0.17166452208213054
BANK_12,2019-12-31,1,0,0,11.16803875524955,0.11076131066099053,0.17492451264008146
BANK_12,2020-03-31,1,0,0,11.16803875524955,0.09322917254421052,0.16362260015748684
BANK_12,2020-06-30,1,0,0,11.16803875524955,0.09118629572865528,0.16469003044998182
BANK_12,2020-09-30,1,0,0,11.16803875524955,0.08347056059380378,0.1636261287269348
BANK_12,2020-12-31,1,0,0,11.16803875524955,0.1381461578084487,0.1818901653110755
BANK_12,2021-03-31,1,0,0,11.16803875524955,0.12176123708322754,0.18420504247989852
BANK_12,2021-06-30,1,0,0,11.16803875524955,0.0892337543803913,0.1642925370625052
BANK_12,2021-09-30,1,0,0,11.16803875524955,0.09342905688935739,0.16447776955719026
BANK_12,2021-12-31,1,0,0,11.16803875524955,0.11221846537360483,0.1763293181775551
BANK_12,2022-03-31,1,0,0,11.16803875524955,0.0854892102438653,0.1854750520133006
BANK_12,2022-06-30,1,1,1,11.16803875524955,0.13264765175782284,0.1579587767309552
BANK_12,2022-09-30,1,1,1,11.16803875524955,0.13332488479213864,0.13387211309515612
BANK_12,2022-12-31,1,1,1,11.16803875524955,0.1373390898937852,0.13612298440064013
BANK_12,2023-03-31,1,1,1,11.16803875524955,0.11931451883834132,0.14285865390724903
BANK_12,2023-06-30,1,1,1,11.16803875524955,0.11305144223654837,0.14334456789987024
BANK_12,2023-09-30,1,1,1,11.16803875524955,0.10236131102073884,0.1382305277250595
BANK_12,2023-12-31,1,1,1,11.16803875524955,0.09558522702561958,0.13201702755461545
BANK_12,2024-03-31,1,1,1,11.16803875524955,0.08486277295445888,0.139668730271262
BANK_12,2024-06-30,1,1,1,11.16803875524955,0.09321099211698869,0.15794557863517786
BANK_12,2024-09-30,1,1,1,11.16803875524955,0.13107241484292614,0.13482388700963827
BANK_12,2024-12-31,1,1,1,11.16803875524955,0.10970879162083846,0.14223787951638897
BANK_12,2025-03-31,1,1,1,11.16803875524955,0.12948085795550895,0.1652693242587362
BANK_12,2025-06-30,1,1,1,11.16803875524955,0.1008685524741316,0.13469131227079678
BANK_12,2025-09-30,1,1,1,11.16803875524955,0.09602169621016529,0.1468189148962631
BANK_12,2025-12-31,1,1,1,11.16803875524955,0.1327177991813095,0.1584670732573603
BANK_13,2018-03-31,1,0,0,13.987130108034641,0.13203765205758816,0.18932996642650568
BANK_13,2018-06-30,1,0,0,13.987130108034641,0.1225017786029021,0.1842168492391226
BANK_13,2018-09-30,1,0,0,13.987130108034641,0.12080844630561804,0.18502416632187027
BANK_13,2018-12-31,1,0,0,13.987130108034641,0.11711668269291106,0.18857445931717404
BANK_13,2019-03-31,1,0,0,13.987130108034641,0.13285224555193573,0.1735080867509632
BANK_13,2019-06-30,1,0,0,13.987130108034641,0.13231061166471392,0.18480562107410747
BANK_13,2019-09-30,1,0,0,13.987130108034641,0.12461049537749647,0.17629676631402702
BANK_13,2019-12-31,1,0,0,13.987130108034641,0.08964559376289849,0.17166441012720732
BANK_13,2020-03-31,1,0,0,13.987130108034641,0.11044806402565018,0.18418252554786
BANK_13,2020-06-30,1,0,0,13.987130108034641,0.08038315230301002,0.18400412029238436
BANK_13,2020-09-30,1,0,0,13.987130108034641,0.13887117068164542,0.1881775269587605
BANK_13,2020-12-31,1,0,0,13.987130108034641,0.11790881162100011,0.16510606940350694
BANK_13,2021-03-31,1,0,0,13.987130108034641,0.11239912278295133,0.18753304269077647
BANK_13,2021-06-30,1,0,0,13.987130108034641,0.12679072370906863,0.16649751588057174
BANK_13,2021-09-30,1,0,0,13.987130108034641,0.11247599472056663,0.18266580546694935
BANK_13,2021-12-31,1,0,0,13.987130108034641,0.1377795202315397,0.17598620242667773
BANK_13,2022-03-31,1,0,0,13.987130108034641,0.13592168633060106,0.19208981944106465
BANK_13,2022-06-30,1,1,1,13.987130108034641,0.08615058367944076,0.13558505751936384
BANK_13,2022-09-30,1,1,1,13.987130108034641,0.08407022354631032,0.15175545829890508
BANK_13,2022-12-31,1,1,1,13.987130108034641,0.09805781401680898,0.15408512348377426
BANK_13,2023-03-31,1,1,1,13.987130108034641,0.1149302276105764,0.14637042721031293
BANK_13,2023-06-30,1,1,1,13.987130108034641,0.10075298341717741,0.15174639269367826
BANK_13,2023-09-30,1,1,1,13.987130108034641,0.13229220836914257,0.14519868132304148
BANK_13,2023-12-31,1,1,1,13.987130108034641,0.13840933815064382,0.15127802697366782
BANK_13,2024-03-31,1,1,1,13.987130108034641,0.08147521498752809,0.15367102266788066
BANK_13,2024-06-30,1,1,1,13.987130108034641,0.08132741309173984,0.1447419461268704
BANK_13,2024-09-30,1,1,1,13.987130108034641,0.1262244450684676,0.14868961593001004
BANK_13,2024-12-31,1,1,1,13.987130108034641,0.12099772259639033,0.12964759759374495
BANK_13,2025-03-31,1,1,1,13.987130108034641,0.1398274700094627,0.13299006448061246
BANK_13,2025-06-30,1,1,1,13.987130108034641,0.10557087813415839,0.14593507123303737
BANK_13,2025-09-30,1,1,1,13.987130108034641,0.12768857292499577,0.13770130621759186
BANK_13,2025-12-31,1,1,1,13.987130108034641,0.12162093354688933,0.14822259678512595
BANK_14,2018-03-31,1,0,0,11.103848063943802,0.11927067285686813,0.192438007137712
BANK_14,2018-06-30,1,0,0,11.103848063943802,0.09639557161989257,0.18435921369263272
BANK_14,2018-09-30,1,0,0,11.103848063943802,0.10518363901556735,0.19650201177958662
BANK_14,2018-12-31,1,0,0,11.103848063943802,0.11831155685984515,0.18900824136220618
BANK_14,2019-03-31,1,0,0,11.103848063943802,0.1390386588775897,0.17474474829075262
BANK_14,2019-06-30,1,0,0,11.103848063943802,0.10456004037890258,0.18308091930118756
BANK_14,2019-09-30,1,0,0,11.103848063943802,0.09278628224150501,0.1875876394214367
BANK_14,2019-12-31,1,0,0,11.103848063943802,0.08186804497307068,0.19352055396514298
BANK_14,2020-03-31,1,0,0,11.103848063943802,0.13186149499037825,0.17748460575809555
BANK_14,2020-06-30,1,0,0,11.103848063943802,0.10839259440149343,0.20443764604073258
BANK_14,2020-09-30,1,0,0,11.103848063943802,0.12625531067864312,0.19342725346377704
BANK_14,2020-12-31,1,0,0,11.103848063943802,0.13068699368701328,0.19456753219153783
BANK_14,2021-03-31,1,0,0,11.103848063943802,0.08787469266094326,0.19642722759867545
BANK_14,2021-06-30,1,0,0,11.103848063943802,0.08195157076947512,0.20329152530132433
BANK_14,2021-09-30,1,0,0,11.103848063943802,0.1277922374585706,0.1919652116970147
BANK_14,2021-12-31,1,0,0,11.103848063943802,0.10889134109075302,0.1970900375758851
BANK_14,2022-03-31,1,0,0,11.103848063943802,0.09203148360202021,0.1832360769794073
BANK_14,2022-06-30,1,1,1,11.103848063943802,0.10949567280448622,0.17800940432910817
BANK_14,2022-09-30,1,1,1,11.103848063943802,0.09613960426610586,0.1612810441491079
BANK_14,2022-12-31,1,1,1,11.103848063943802,0.1278535460382313,0.15318948342525118
BANK_14,2023-03-31,1,1,1,11.103848063943802,0.08069723239448603,0.1555381656678522
BANK_14,2023-06-30,1,1,1,11.103848063943802,0.08434681326767353,0.1411045926905447
BANK_14,2023-09-30,1,1,1,11.103848063943802,0.11600123288715823,0.15547693680750924
BANK_14,2023-12-31,1,1,1,11.103848063943802,0.0974997547225582,0.13576120673371045
BANK_14,2024-03-31,1,1,1,11.103848063943802,0.126791059333601,0.16785800158650832
BANK_14,2024-06-30,1,1,1,11.103848063943802,0.08237712952090143,0.16425457561784965
BANK_14,2024-09-30,1,1,1,11.103848063943802,0.09452270095175165,0.15033023856870786
BANK_14,2024-12-31,1,1,1,11.103848063943802,0.1391997555960288,0.1595228864385802
BANK_14,2025-03-31,1,1,1,11.103848063943802,0.11708934405908716,0.1599639746090943
BANK_14,2025-06-30,1,1,1,11.103848063943802,0.12214789823264624,0.14841635310807458
BANK_14,2025-09-30,1,1,1,11.103848063943802,0.09958767849463952,0.15779035826170337
BANK_14,2025-12-31,1,1,1,11.103848063943802,0.1110626986030827,0.1602688583899453
BANK_15,2018-03-31,1,0,0,10.439332495724166,0.08471470982930125,0.1473081386831861
BANK_15,2018-06-30,1,0,0,10.439332495724166,0.10381539657209576,0.14913861554516636
BANK_15,2018-09-30,1,0,0,10.439332495724166,0.12136789814823595,0.15195410284996633
BANK_15,2018-12-31,1,0,0,10.439332495724166,0.128035201946545,0.139373672225839
BANK_15,2019-03-31,1,0,0,10.439332495724166,0.08627407042006402,0.14506537183635984
BANK_15,2019-06-30,1,0,0,10.439332495724166,0.11818581497261821,0.1455501667862614
BANK_15,2019-09-30,1,0,0,10.439332495724166,0.13225814742476516,0.1681198012413487
BANK_15,2019-12-31,1,0,0,10.439332495724166,0.12284521592794567,0.15357925728691768
BANK_15,2020-03-31,1,0,0,10.439332495724166,0.12888950682479075,0.1442053672592993
BANK_15,2020-06-30,1,0,0,10.439332495724166,0.08480689078308051,0.16089009981784774
BANK_15,2020-09-30,1,0,0,10.439332495724166,0.12903786619774962,0.15114533366215463
BANK_15,2020-12-31,1,0,0,10.439332495724166,0.10713909707109802,0.1595014547099883
BANK_15,2021-03-31,1,0,0,10.439332495724166,0.12389537130531991,0.15401343627024788
BANK_15,2021-06-30,1,0,0,10.439332495724166,0.08489779892183538,0.17182507024177088
BANK_15,2021-09-30,1,0,0,10.439332495724166,0.12738191042854877,0.1396842375312984
BANK_15,2021-12-31,1,0,0,10.439332495724166,0.11952246653005258,0.1447070176245378
BANK_15,2022-03-31,1,0,0,10.439332495724166,0.12315210669633583,0.17965010351720723
BANK_15,2022-06-30,1,1,1,10.439332495724166,0.09370728447987793,0.11903371093376779
BANK_15,2022-09-30,1,1,1,10.439332495724166,0.12081369454587748,0.10872172779498693
BANK_15,2022-12-31,1,1,1,10.439332495724166,0.08433190453875056,0.12564277388026737
BANK_15,2023-03-31,1,1,1,10.439332495724166,0.1236301441859785,0.13091046102164666
BANK_15,2023-06-30,1,1,1,10.439332495724166,0.12456239127199886,0.11889266570919303
BANK_15,2023-09-30,1,1,1,10.439332495724166,0.10226232577907617,0.10135668471690905
BANK_15,2023-12-31,1,1,1,10.439332495724166,0.13925897382416347,0.11098399253964428
BANK_15,2024-03-31,1,1,1,10.439332495724166,0.1235154596249082,0.10438193138604528
BANK_15,2024-06-30,1,1,1,10.439332495724166,0.10920013648548219,0.14001737102530135
BANK_15,2024-09-30,1,1,1,10.439332495724166,0.11554101971560174,0.10367047719458017
BANK_15,2024-12-31,1,1,1,10.439332495724166,0.13474180073700148,0.11427231575451474
BANK_15,2025-03-31,1,1,1,10.439332495724166,0.11789361320555125,0.12532859892813458
BANK_15,2025-06-30,1,1,1,10.439332495724166,0.12398678134491686,0.10746191766206742
BANK_15,2025-09-30,1,1,1,10.439332495724166,0.13454195123993848,0.12401625505491473
BANK_15,2025-12-31,1,1,1,10.439332495724166,0.09078098653221452,0.11314389718918191
BANK_16,2018-03-31,1,0,0,11.187716624619387,0.09483386446419062,0.15974445929008554
BANK_16,2018-06-30,1,0,0,11.187716624619387,0.1322449940763507,0.17172729019259364
BANK_16,2018-09-30,1,0,0,11.187716624619387,0.10155400216398594,0.16771698710648344
BANK_16,2018-12-31,1,0,0,11.187716624619387,0.11557705108609564,0.13151457379369924
BANK_16,2019-03-31,1,0,0,11.187716624619387,0.13816473934011725,0.15637559058596867
BANK_16,2019-06-30,1,0,0,11.187716624619387,0.09548800596206766,0.14880330105373857
BANK_16,2019-09-30,1,0,0,11.187716624619387,0.12640838754119604,0.14705318524279096
BANK_16,2019-12-31,1,0,0,11.187716624619387,0.08785241964310099,0.1716082678737852
BANK_16,2020-03-31,1,0,0,11.187716624619387,0.09416302780078784,0.15953079421120817
BANK_16,2020-06-30,1,0,0,11.187716624619387,0.08440980483980076,0.16477040827223122
BANK_16,2020-09-30,1,0,0,11.187716624619387,0.10022019058587718,0.16076821891060256
BANK_16,2020-12-31,1,0,0,11.187716624619387,0.1297330019529566,0.1471700777581143
BANK_16,2021-03-31,1,0,0,11.187716624619387,0.11702869919624181,0.1444341810134025
BANK_16,2021-06-30,1,0,0,11.187716624619387,0.12240663301312676,0.1557188483903409
BANK_16,2021-09-30,1,0,0,11.187716624619387,0.08220028561601259,0.1565134786559214
BANK_16,2021-12-31,1,0,0,11.187716624619387,0.12418412090393843,0.15650742295681572
BANK_16,2022-03-31,1,0,0,11.187716624619387,0.13065022693815184,0.15678364948782617
BANK_16,2022-06-30,1,1,1,11.187716624619387,0.1283402091770032,0.15076747983560843
BANK_16,2022-09-30,1,1,1,11.187716624619387,0.0923504726022061,0.14030283454031842
BANK_16,2022-12-31,1,1,1,11.187716624619387,0.08671517716386368,0.13238789159026515
BANK_16,2023-03-31,1,1,1,11.187716624619387,0.11187017168006193,0.12928398740585936
BANK_16,2023-06-30,1,1,1,11.187716624619387,0.13619634153769772,0.12962777763490158
BANK_16,2023-09-30,1,1,1,11.187716624619387,0.09896936629860503,0.1373264007721558
BANK_16,2023-12-31,1,1,1,11.187716624619387,0.11043408852130356,0.12919283419891417
BANK_16,2024-03-31,1,1,1,11.187716624619387,0.10728439133803155,0.13916327674702483
BANK_16,2024-06-30,1,1,1,11.187716624619387,0.11093576171475503,0.13346488475897994
BANK_16,2024-09-30,1,1,1,11.187716624619387,0.08837907528537878,0.15088374704780727
BANK_16,2024-12-31,1,1,1,11.187716624619387,0.08179841539236068,0.12860410371844827
BANK_16,2025-03-31,1,1,1,11.187716624619387,0.0921112071273769,0.14108182816737516
BANK_16,2025-06-30,1,1,1,11.187716624619387,0.12040594599949506,0.11960094072874469
BANK_16,2025-09-30,1,1,1,11.187716624619387,0.13208853526265033,0.12376231039304195
BANK_16,2025-12-31,1,1,1,11.187716624619387,0.09062898736684316,0.14914031353866786
BANK_17,2018-03-31,1,0,0,13.463129761130823,0.11707083441207283,0.16969112364428418
BANK_17,2018-06-30,1,0,0,13.463129761130823,0.1321342990687231,0.19003407267182104
BANK_17,2018-09-30,1,0,0,13.463129761130823,0.1358569217304187,0.165510791723902
BANK_17,2018-12-31,1,0,0,13.463129761130823,0.12137160506189368,0.1706749853587501
BANK_17,2019-03-31,1,0,0,13.463129761130823,0.11953312821395945,0.15923339491822333
BANK_17,2019-06-30,1,0,0,13.463129761130823,0.10363186433924951,0.17668407960942364
BANK_17,2019-09-30,1,0,0,13.463129761130823,0.11947071827618216,0.1622837167758312
BANK_17,2019-12-31,1,0,0,13.463129761130823,0.13996482354624,0.17296628319676174
BANK_17,2020-03-31,1,0,0,13.463129761130823,0.12694312904349642,0.18005142573278016
BANK_17,2020-06-30,1,0,0,13.463129761130823,0.11402097565920008,0.16747619956535548
BANK_17,2020-09-30,1,0,0,13.463129761130823,0.10424841929906198,0.17564402987893266
BANK_17,2020-12-31,1,0,0,13.463129761130823,0.09962198969379432,0.17355550629674352
BANK_17,2021-03-31,1,0,0,13.463129761130823,0.12573710808659694,0.1804692012765001
BANK_17,2021-06-30,1,0,0,13.463129761130823,0.12786881893151808,0.1756995030534138
BANK_17,2021-09-30,1,0,0,13.463129761130823,0.0872125433222365,0.18289756528375373
BANK_17,2021-12-31,1,0,0,13.463129761130823,0.11266934587765098,0.16738600075044877
BANK_17,2022-03-31,1,0,0,13.463129761130823,0.12172803240139174,0.15721977416563623
BANK_17,2022-06-30,1,1,1,13.463129761130823,0.10331348607622075,0.12356259284411941
BANK_17,2022-09-30,1,1,1,13.463129761130823,0.10239510749776042,0.12447272932183961
BANK_17,2022-12-31,1,1,1,13.463129761130823,0.09363617763578909,0.13696464014422802
BANK_17,2023-03-31,1,1,1,13.463129761130823,0.12009276791330098,0.14169693792352017
BANK_17,2023-06-30,1,1,1,13.463129761130823,0.11716942076057688,0.1329988412679499
BANK_17,2023-09-30,1,1,1,13.463129761130823,0.13180001897430954,0.1175090427194406
BANK_17,2023-12-31,1,1,1,13.463129761130823,0.1111449071081731,0.13317007669648875
BANK_17,2024-03-31,1,1,1,13.463129761130823,0.10047486965756938,0.13545755724846736
BANK_17,2024-06-30,1,1,1,13.463129761130823,0.10281173712715143,0.1398006460475419
BANK_17,2024-09-30,1,1,1,13.463129761130823,0.11201615280361271,0.15445384689582933
BANK_17,2024-12-31,1,1,1,13.463129761130823,0.11647430556760668,0.12175930126107062
BANK_17,2025-03-31,1,1,1,13.463129761130823,0.12308738457358967,0.14679973075516756
BANK_17,2025-06-30,1,1,1,13.463129761130823,0.1373314217572961,0.1457546866749443
BANK_17,2025-09-30,1,1,1,13.463129761130823,0.13562207268777843,0.13747314311999034
BANK_17,2025-12-31,1,1,1,13.463129761130823,0.08361604341737365,0.1439208452970087
BANK_18,2018-03-31,1,0,0,14.67218013402757,0.10915230555117955,0.17246035411133323
BANK_18,2018-06-30,1,0,0,14.67218013402757,0.09540659406323049,0.17719324923133226
BANK_18,2018-09-30,1,0,0,14.67218013402757,0.12818155386995983,0.1701140889284908
BANK_18,2018-12-31,1,0,0,14.67218013402757,0.11234967660051529,0.1689641068278423
BANK_18,2019-03-31,1,0,0,14.67218013402757,0.12296904045339163,0.1891831660600231
BANK_18,2019-06-30,1,0,0,14.67218013402757,0.09635744004401203,0.16429499396376823
BANK_18,2019-09-30,1,0,0,14.67218013402757,0.09086896097208082,0.1701751260646169
BANK_18,2019-12-31,1,0,0,14.67218013402757,0.12086707123789897,0.17775366850002974
BANK_18,2020-03-31,1,0,0,14.67218013402757,0.12254277570334597,0.1810537550614596
BANK_18,2020-06-30,1,0,0,14.67218013402757,0.08641261538568464,0.16665974505081796
BANK_18,2020-09-30,1,0,0,14.67218013402757,0.1377756125142548,0.1640700626646833
BANK_18,2020-12-31,1,0,0,14.67218013402757,0.1090127388031955,0.184404747379604
BANK_18,2021-03-31,1,0,0,14.67218013402757,0.08260475197128915,0.18223914134064662
BANK_18,2021-06-30,1,0,0,14.67218013402757,0.11798908253564136,0.19364140429973845
BANK_18,2021-09-30,1,0,0,14.67218013402757,0.12915133156560743,0.18122297503032284
BANK_18,2021-12-31,1,0,0,14.67218013402757,0.13305238780090448,0.18543298029036387
BANK_18,2022-03-31,1,0,0,14.67218013402757,0.11665885933105952,0.17298008312193244
BANK_18,2022-06-30,1,1,1,14.67218013402757,0.10466170818840229,0.1433709908244905
BANK_18,2022-09-30,1,1,1,14.67218013402757,0.12683153091463173,0.13756136764608715
BANK_18,2022-12-31,1,1,1,14.67218013402757,0.09648836213288817,0.14307094802204093
BANK_18,2023-03-31,1,1,1,14.67218013402757,0.12005299395748824,0.14705050321707971
BANK_18,2023-06-30,1,1,1,14.67218013402757,0.0857321188300801,0.16247742072673732
BANK_18,2023-09-30,1,1,1,14.67218013402757,0.11519650779052845,0.14164652946740242
BANK_18,2023-12-31,1,1,1,14.67218013402757,0.0900808524646918,0.17145149127773388
BANK_18,2024-03-31,1,1,1,14.67218013402757,0.09300438800544654,0.156337768809321
BANK_18,2024-06-30,1,1,1,14.67218013402757,0.08574287333120971,0.15413799097451497
BANK_18,2024-09-30,1,1,1,14.67218013402757,0.11642564216532686,0.1504381147197911
BANK_18,2024-12-31,1,1,1,14.67218013402757,0.11280184476284422,0.14852997998371512
BANK_18,2025-03-31,1,1,1,14.67218013402757,0.1156685801111704,0.14442508214992167
BANK_18,2025-06-30,1,1,1,14.67218013402757,0.10980601153155017,0.13630197020420923
BANK_18,2025-09-30,1,1,1,14.67218013402757,0.10569197689553689,0.14196325432030268
BANK_18,2025-12-31,1,1,1,14.67218013402757,0.12305586593949058,0.16639116805444068
BANK_19,2018-03-31,1,0,0,13.462180756621848,0.11470321502038455,0.19302685348995985
BANK_19,2018-06-30,1,0,0,13.462180756621848,0.09644963999358835,0.18465851650311904
BANK_19,2018-09-30,1,0,0,13.462180756621848,0.10129977834991624,0.17899220717163317
BANK_19,2018-12-31,1,0,0,13.462180756621848,0.08416543056476561,0.18288701375239463
BANK_19,2019-03-31,1,0,0,13.462180756621848,0.1280213904693417,0.18240959552791353
BANK_19,2019-06-30,1,0,0,13.462180756621848,0.09402272491462599,0.19033458770992304
BANK_19,2019-09-30,1,0,0,13.462180756621848,0.11905264214283165,0.20031062913988054
BANK_19,2019-12-31,1,0,0,13.462180756621848,0.11197746719308013,0.1910854267602844
BANK_19,2020-03-31,1,0,0,13.462180756621848,0.12016921731189142,0.17827396743138685
BANK_19,2020-06-30,1,0,0,13.462180756621848,0.13964836167327005,0.17766531898719895
BANK_19,2020-09-30,1,0,0,13.462180756621848,0.12383903061435478,0.19694997900776876
BANK_19,2020-12-31,1,0,0,13.462180756621848,0.10791233673702309,0.20946542837514764
BANK_19,2021-03-31,1,0,0,13.462180756621848,0.13745751707032283,0.1909643371879349
BANK_19,2021-06-30,1,0,0,13.462180756621848,0.09051817654145958,0.18319112717960917
BANK_19,2021-09-30,1,0,0,13.462180756621848,0.11214966106838489,0.18009307611362296
BANK_19,2021-12-31,1,0,0,13.462180756621848,0.08580058697880318,0.19629413584886787
BANK_19,2022-03-31,1,0,0,13.462180756621848,0.10085429145433893,0.20583465025384096
BANK_19,2022-06-30,1,1,1,13.462180756621848,0.11989470346923309,0.1569321960712863
BANK_19,2022-09-30,1,1,1,13.462180756621848,0.08914496079982505,0.154660908986832
BANK_19,2022-12-31,1,1,1,13.462180756621848,0.13954901012950252,0.14592855973785085
BANK_19,2023-03-31,1,1,1,13.462180756621848,0.1305219976625853,0.16072996755973357
BANK_19,2023-06-30,1,1,1,13.462180756621848,0.11125747863632254,0.16780078179716584
BANK_19,2023-09-30,1,1,1,13.462180756621848,0.12531622522980848,0.1525082075937087
BANK_19,2023-12-31,1,1,1,13.462180756621848,0.08766280901811409,0.16225342753689068
BANK_19,2024-03-31,1,1,1,13.462180756621848,0.1225246818645786,0.16503736046212425
BANK_19,2024-06-30,1,1,1,13.462180756621848,0.08216962283148573,0.16582395959984064
BANK_19,2024-09-30,1,1,1,13.462180756621848,0.10160818444829114,0.14929405661764397
BANK_19,2024-12-31,1,1,1,13.462180756621848,0.08525856480583031,0.15110253898213433
BANK_19,2025-03-31,1,1,1,13.462180756621848,0.09833145863948142,0.1608718640420643
BANK_19,2025-06-30,1,1,1,13.462180756621848,0.10381889102445702,0.16708089121856676
BANK_19,2025-09-30,1,1,1,13.462180756621848,0.11094076566178987,0.1815574316320679
BANK_19,2025-12-31,1,1,1,13.462180756621848,0.13516351839286506,0.1486854697934757
BANK_20,2018-03-31,1,0,0,12.48481741452915,0.10283739760859481,0.15081829358547563
BANK_20,2018-06-30,1,0,0,12.48481741452915,0.13267845922670418,0.14901110346808857
BANK_20,2018-09-30,1,0,0,12.48481741452915,0.1274018261784237,0.15267392314071904
BANK_20,2018-12-31,1,0,0,12.48481741452915,0.09828074834588245,0.15321697806196014
BANK_20,2019-03-31,1,0,0,12.48481741452915,0.09041147089919052,0.1482504024330459
BANK_20,2019-06-30,1,0,0,12.48481741452915,0.1216970653341477,0.14244254840507153
BANK_20,2019-09-30,1,0,0,12.48481741452915,0.11845832464071993,0.15028181157369128
BANK_20,2019-12-31,1,0,0,12.48481741452915,0.12934883381806167,0.14990881003355797
BANK_20,2020-03-31,1,0,0,12.48481741452915,0.11637517626505865,0.14974973041254855
BANK_20,2020-06-30,1,0,0,12.48481741452915,0.12588858805417974,0.15817766299200287
BANK_20,2020-09-30,1,0,0,12.48481741452915,0.10391978166633879,0.1501035261984338
BANK_20,2020-12-31,1,0,0,12.48481741452915,0.08878243952973496,0.1368816376764984
BANK_20,2021-03-31,1,0,0,12.48481741452915,0.08154871441696922,0.14390487797840718
BANK_20,2021-06-30,1,0,0,12.48481741452915,0.08810997734928937,0.14813028697014555
BANK_20,2021-09-30,1,0,0,12.48481741452915,0.1379493296691932,0.15056649924897106
BANK_20,2021-12-31,1,0,0,12.48481741452915,0.10594987269980792,0.1552969275435673
BANK_20,2022-03-31,1,0,0,12.48481741452915,0.10637070131797462,0.1506447441481012
BANK_20,2022-06-30,1,1,1,12.48481741452915,0.08633988105570464,0.10024533433646128
BANK_20,2022-09-30,1,1,1,12.48481741452915,0.11717527729386978,0.10790305257158891
BANK_20,2022-12-31,1,1,1,12.48481741452915,0.11901206554388921,0.12599928729996204
BANK_20,2023-03-31,1,1,1,12.48481741452915,0.08348982773032855,0.11786557129069791
BANK_20,2023-06-30,1,1,1,12.48481741452915,0.13969197903018604,0.1349072613684995
BANK_20,2023-09-30,1,1,1,12.48481741452915,0.13902073551580482,0.12148667457202111
BANK_20,2023-12-31,1,1,1,12.48481741452915,0.09435080625295554,0.1166291402888196
BANK_20,2024-03-31,1,1,1,12.48481741452915,0.12152968050164792,0.1138659733645906
BANK_20,2024-06-30,1,1,1,12.48481741452915,0.08373750788780376,0.11697530313511871
BANK_20,2024-09-30,1,1,1,12.48481741452915,0.12883821617036115,0.12160573981049864
BANK_20,2024-12-31,1,1,1,12.48481741452915,0.11691316629386067,0.12003046020153414
BANK_20,2025-03-31,1,1,1,12.48481741452915,0.11162248783469911,0.12949554135441324
BANK_20,2025-06-30,1,1,1,12.48481741452915,0.1055650030334223,0.10515102031550096
BANK_20,2025-09-30,1,1,1,12.48481741452915,0.10206556105263738,0.10633121301584578
BANK_20,2025-12-31,1,1,1,12.48481741452915,0.10484778515173562,0.11775234598107316
BANK_21,2018-03-31,0,0,0,14.137689477834371,0.08066187586571884,0.16878643509726043
BANK_21,2018-06-30,0,0,0,14.137689477834371,0.1049692398907857,0.1676219840079221
BANK_21,2018-09-30,0,0,0,14.137689477834371,0.09558879252470207,0.15608435193670195
BANK_21,2018-12-31,0,0,0,14.137689477834371,0.1256173893873281,0.15984806871230012
BANK_21,2019-03-31,0,0,0,14.137689477834371,0.09291211232103426,0.1610884563020912
BANK_21,2019-06-30,0,0,0,14.137689477834371,0.0807272464786336,0.14881368571801193
BANK_21,2019-09-30,0,0,0,14.137689477834371,0.11287756933842158,0.15005893766957806
BANK_21,2019-12-31,0,0,0,14.137689477834371,0.10726264007359766,0.15969061002844376
BANK_21,2020-03-31,0,0,0,14.137689477834371,0.0994805556134036,0.14806940045089764
BANK_21,2020-06-30,0,0,0,14.137689477834371,0.12424142464326798,0.15959911487343448
BANK_21,2020-09-30,0,0,0,14.137689477834371,0.10366857671420213,0.13697303010455283
BANK_21,2020-12-31,0,0,0,14.137689477834371,0.1075668061043592,0.1555505423987533
BANK_21,2021-03-31,0,0,0,14.137689477834371,0.1373200811902357,0.162848898925722
BANK_21,2021-06-30,0,0,0,14.137689477834371,0.12721420317531773,0.16207093862232952
BANK_21,2021-09-30,0,0,0,14.137689477834371,0.10625618744332352,0.17142326454538354
BANK_21,2021-12-31,0,0,0,14.137689477834371,0.09528023732276307,0.14879177634479612
BANK_21,2022-03-31,0,0,0,14.137689477834371,0.11823208860849684,0.15911657340990906
BANK_21,2022-06-30,0,1,0,14.137689477834371,0.11956123533234697,0.16921349602986496
BANK_21,2022-09-30,0,1,0,14.137689477834371,0.1168360150856037,0.16276543666892668
BANK_21,2022-12-31,0,1,0,14.137689477834371,0.0839991224336414,0.1679949925350415
BANK_21,2023-03-31,0,1,0,14.137689477834371,0.12424602612328914,0.14808709860712194
BANK_21,2023-06-30,0,1,0,14.137689477834371,0.11073331524876048,0.16062685396886875
BANK_21,2023-09-30,0,1,0,14.137689477834371,0.0850875209627482,0.15771017138509755
BANK_21,2023-12-31,0,1,0,14.137689477834371,0.12297940328376095,0.16090042837653287
BANK_21,2024-03-31,0,1,0,14.137689477834371,0.09779213487725932,0.15197507266788354
BANK_21,2024-06-30,0,1,0,14.137689477834371,0.10098219378475098,0.17298811324847052
BANK_21,2024-09-30,0,1,0,14.137689477834371,0.09111173407204808,0.1668026537929548
BANK_21,2024-12-31,0,1,0,14.137689477834371,0.09044656012004507,0.1715781484202401
BANK_21,2025-03-31,0,1,0,14.137689477834371,0.12586235973330417,0.16282543526106794
BANK_21,2025-06-30,0,1,0,14.137689477834371,0.09590278569950025,0.15292147323256816
BANK_21,2025-09-30,0,1,0,14.137689477834371,0.10291637837917376,0.16607131100783618
BANK_21,2025-12-31,0,1,0,14.137689477834371,0.0923412357317333,0.17311158886318107
BANK_22,2018-03-31,0,0,0,10.606932090797033,0.11863425521246784,0.18328194141849055
BANK_22,2018-06-30,0,0,0,10.606932090797033,0.1118181279949495,0.17556230009400658
BANK_22,2018-09-30,0,0,0,10.606932090797033,0.13879821976153106,0.16356481769619854
BANK_22,2018-12-31,0,0,0,10.606932090797033,0.11611289537817934,0.17927840128081235
BANK_22,2019-03-31,0,0,0,10.606932090797033,0.12870618728540828,0.1852846842641253
BANK_22,2019-06-30,0,0,0,10.606932090797033,0.11938871643989017,0.17507835756289622
BANK_22,2019-09-30,0,0,0,10.606932090797033,0.13568501841956299,0.16635047270457112
BANK_22,2019-12-31,0,0,0,10.606932090797033,0.09347693671063112,0.16160790332660993
BANK_22,2020-03-31,0,0,0,10.606932090797033,0.10636429938166714,0.15955190805978964
BANK_22,2020-06-30,0,0,0,10.606932090797033,0.11677637494967154,0.15033643410623998
BANK_22,2020-09-30,0,0,0,10.606932090797033,0.13321549401255617,0.16778746376414228
BANK_22,2020-12-31,0,0,0,10.606932090797033,0.11874864875931238,0.16723186700111078
BANK_22,2021-03-31,0,0,0,10.606932090797033,0.13168219978180618,0.17860473488359743
BANK_22,2021-06-30,0,0,0,10.606932090797033,0.13079086032141668,0.1641692256143106
BANK_22,2021-09-30,0,0,0,10.606932090797033,0.12530251572477671,0.16832878286213587
BANK_22,2021-12-31,0,0,0,10.606932090797033,0.10763236983644842,0.17282579950488297
BANK_22,2022-03-31,0,0,0,10.606932090797033,0.1265868467899835,0.1749097495163825
BANK_22,2022-06-30,0,1,0,10.606932090797033,0.11936971026086429,0.17734877786049816
BANK_22,2022-09-30,0,1,0,10.606932090797033,0.13908018437147052,0.17181021558703705
BANK_22,2022-12-31,0,1,0,10.606932090797033,0.13624328398982716,0.15703168052044153
BANK_22,2023-03-31,0,1,0,10.606932090797033,0.12906711979141672,0.1739968795175264
BANK_22,2023-06-30,0,1,0,10.606932090797033,0.09281068197864031,0.1634864310620817
BANK_22,2023-09-30,0,1,0,10.606932090797033,0.12396809268597504,0.18238283071433634
BANK_22,2023-12-31,0,1,0,10.606932090797033,0.1125342323295109,0.1702127157673606
BANK_22,2024-03-31,0,1,0,10.606932090797033,0.09785290707912925,0.17240753179488566
BANK_22,2024-06-30,0,1,0,10.606932090797033,0.11390131957154098,0.19601683114180393
BANK_22,2024-09-30,0,1,0,10.606932090797033,0.11817748123875489,0.17753341621104532
BANK_22,2024-12-31,0,1,0,10.606932090797033,0.1256672922225895,0.17381158384882775
BANK_22,2025-03-31,0,1,0,10.606932090797033,0.0805598971896256,0.16861544016016225
BANK_22,2025-06-30,0,1,0,10.606932090797033,0.09480073187129738,0.15775701763710634
BANK_22,2025-09-30,0,1,0,10.606932090797033,0.12800425812194957,0.16790976742713973
BANK_22,2025-12-31,0,1,0,10.606932090797033,0.09224213807773393,0.161494795457907
BANK_23,2018-03-31,0,0,0,12.775424746511431,0.09128148407692498,0.1871983729087139
BANK_23,2018-06-30,0,0,0,12.775424746511431,0.10132307412114437,0.19446503935946577
BANK_23,2018-09-30,0,0,0,12.775424746511431,0.08031377681257476,0.1827798306474271
BANK_23,2018-12-31,0,0,0,12.775424746511431,0.12565944560168563,0.1945481064499174
BANK_23,2019-03-31,0,0,0,12.775424746511431,0.08893328301994669,0.16550143434519093
BANK_23,2019-06-30,0,0,0,12.775424746511431,0.09833625292941289,0.16893691818771658
BANK_23,2019-09-30,0,0,0,12.775424746511431,0.12332425629216423,0.17182814533391005
BANK_23,2019-12-31,0,0,0,12.775424746511431,0.13317174682790447,0.15905879372336224
BANK_23,2020-03-31,0,0,0,12.775424746511431,0.10475731045091743,0.16301150800196354
BANK_23,2020-06-30,0,0,0,12.775424746511431,0.12173708878980842,0.19457195759956245
BANK_23,2020-09-30,0,0,0,12.775424746511431,0.08557943838938793,0.19166548590977006
BANK_23,2020-12-31,0,0,0,12.775424746511431,0.11529213601690344,0.17427002195009053
BANK_23,2021-03-31,0,0,0,12.775424746511431,0.0838912156689781,0.20214251523462276
BANK_23,2021-06-30,0,0,0,12.775424746511431,0.11479902724568788,0.17703982772670102
BANK_23,2021-09-30,0,0,0,12.775424746511431,0.1162092599957873,0.19861315597236395
BANK_23,2021-12-31,0,0,0,12.775424746511431,0.12058807623358174,0.1988661464608941
BANK_23,2022-03-31,0,0,0,12.775424746511431,0.12950296461080374,0.17375210453065948
BANK_23,2022-06-30,0,1,0,12.775424746511431,0.10989534093580722,0.18827850095962417
BANK_23,2022-09-30,0,1,0,12.775424746511431,0.12246085608445495,0.1911590205336536
BANK_23,2022-12-31,0,1,0,12.775424746511431,0.1273168978803444,0.17350734421924074
BANK_23,2023-03-31,0,1,0,12.775424746511431,0.08884715160237704,0.15226437137086551
BANK_23,2023-06-30,0,1,0,12.775424746511431,0.0996915652165587,0.18800936639629462
BANK_23,2023-09-30,0,1,0,12.775424746511431,0.09323671716267268,0.17156739395706255
BANK_23,2023-12-31,0,1,0,12.775424746511431,0.11589351764382433,0.17864757104367968
BANK_23,2024-03-31,0,1,0,12.775424746511431,0.10527488319764433,0.18189847836212464
BANK_23,2024-06-30,0,1,0,12.775424746511431,0.11817064188249397,0.18576758066193072
BANK_23,2024-09-30,0,1,0,12.775424746511431,0.10459429338177731,0.17650387813222196
BANK_23,2024-12-31,0,1,0,12.775424746511431,0.13038813713813704,0.1826166297269648
BANK_23,2025-03-31,0,1,0,12.775424746511431,0.1152661616517319,0.19198641371991051
BANK_23,2025-06-30,0,1,0,12.775424746511431,0.09106857518801836,0.1606263768352354
BANK_23,2025-09-30,0,1,0,12.775424746511431,0.08157180251192389,0.16589175501912123
BANK_23,2025-12-31,0,1,0,12.775424746511431,0.08145150583348132,0.16825529473233283
BANK_24,2018-03-31,0,0,0,14.158485218378868,0.09792353441532639,0.19140886246911204
BANK_24,2018-06-30,0,0,0,14.158485218378868,0.13644075470692044,0.17231560634437149
BANK_24,2018-09-30,0,0,0,14.158485218378868,0.13236381502907613,0.18533963498131759
BANK_24,2018-12-31,0,0,0,14.158485218378868,0.13051601400750854,0.17405296932733205
BANK_24,2019-03-31,0,0,0,14.158485218378868,0.10749121320427357,0.19513600106569717
BANK_24,2019-06-30,0,0,0,14.158485218378868,0.10897813232512132,0.18467299160338088
BANK_24,2019-09-30,0,0,0,14.158485218378868,0.10621104215691078,0.18972485094949365
BANK_24,2019-12-31,0,0,0,14.158485218378868,0.12377049371914381,0.20772251596669744
BANK_24,2020-03-31,0,0,0,14.158485218378868,0.11661350896865849,0.1839778793963822
BANK_24,2020-06-30,0,0,0,14.158485218378868,0.08812124493666114,0.19468774256075025
BANK_24,2020-09-30,0,0,0,14.158485218378868,0.1373968772650075,0.1976608027838469
BANK_24,2020-12-31,0,0,0,14.158485218378868,0.08413748098138528,0.20226933223884308
BANK_24,2021-03-31,0,0,0,14.158485218378868,0.09570234102415437,0.18899845923520048
BANK_24,2021-06-30,0,0,0,14.158485218378868,0.09481872794431999,0.18796326249823034
BANK_24,2021-09-30,0,0,0,14.158485218378868,0.09631698356771787,0.18773521108098473
BANK_24,2021-12-31,0,0,0,14.158485218378868,0.12556389574507784,0.19367365506816178
BANK_24,2022-03-31,0,0,0,14.158485218378868,0.08392196945386311,0.20492688568959522
BANK_24,2022-06-30,0,1,0,14.158485218378868,0.10925427162040306,0.1872887639895743
BANK_24,2022-09-30,0,1,0,14.158485218378868,0.10084059957553057,0.16575759739727058
BANK_24,2022-12-31,0,1,0,14.158485218378868,0.13399000074123635,0.1988404539636105
BANK_24,2023-03-31,0,1,0,14.158485218378868,0.1362093477219855,0.19066990717224871
BANK_24,2023-06-30,0,1,0,14.158485218378868,0.08313547275716143,0.195159392177041
BANK_24,2023-09-30,0,1,0,14.158485218378868,0.1238492578988438,0.17437454143113457
BANK_24,2023-12-31,0,1,0,14.158485218378868,0.13887782542983482,0.18470947322653705
BANK_24,2024-03-31,0,1,0,14.158485218378868,0.0918858579655844,0.19794264679621829
BANK_24,2024-06-30,0,1,0,14.158485218378868,0.11391981527429659,0.1774571057683075
BANK_24,2024-09-30,0,1,0,14.158485218378868,0.116511636361788,0.19466429982433525
BANK_24,2024-12-31,0,1,0,14.158485218378868,0.10097038232520913,0.18964358517702518
BANK_24,2025-03-31,0,1,0,14.158485218378868,0.13103696347046828,0.1826540842320195
BANK_24,2025-06-30,0,1,0,14.158485218378868,0.1136733672969515,0.1818974756298562
BANK_24,2025-09-30,0,1,0,14.158485218378868,0.1316083816009661,0.17984178181021604
BANK_24,2025-12-31,0,1,0,14.158485218378868,0.12336885819250903,0.1906167984984797
BANK_25,2018-03-31,0,0,0,10.338341809500008,0.0849035207448067,0.15379482057165506
BANK_25,2018-06-30,0,0,0,10.338341809500008,0.10749803849171939,0.16811504812593517
BANK_25,2018-09-30,0,0,0,10.338341809500008,0.13674188882001695,0.13733659494374295
BANK_25,2018-12-31,0,0,0,10.338341809500008,0.13099852228883974,0.14942016052567766
BANK_25,2019-03-31,0,0,0,10.338341809500008,0.10470593249507051,0.14551619780946118
BANK_25,2019-06-30,0,0,0,10.338341809500008,0.11905840802905726,0.17010009289300002
BANK_25,2019-09-30,0,0,0,10.338341809500008,0.11075015892621991,0.1428923989645082
BANK_25,2019-12-31,0,0,0,10.338341809500008,0.12838421703397038,0.15073770107886886
BANK_25,2020-03-31,0,0,0,10.338341809500008,0.127176691963042,0.14352759362011952
BANK_25,2020-06-30,0,0,0,10.338341809500008,0.09208182692815847,0.14941118190097274
BANK_25,2020-09-30,0,0,0,10.338341809500008,0.09981290389228986,0.14290966288335294
BANK_25,2020-12-31,0,0,0,10.338341809500008,0.1254050903413181,0.14489563947573034
BANK_25,2021-03-31,0,0,0,10.338341809500008,0.13266980468912246,0.13553871967439837
BANK_25,2021-06-30,0,0,0,10.338341809500008,0.13277491129709176,0.15094993751356303
BANK_25,2021-09-30,0,0,0,10.338341809500008,0.10707436065085929,0.14639526595795405
BANK_25,2021-12-31,0,0,0,10.338341809500008,0.1390993793684525,0.15511415500929954
BANK_25,2022-03-31,0,0,0,10.338341809500008,0.13455321235169362,0.14938956574530005
BANK_25,2022-06-30,0,1,0,10.338341809500008,0.11232210787716286,0.14264141550677165
BANK_25,2022-09-30,0,1,0,10.338341809500008,0.11940680628345765,0.14026553258600524
BANK_25,2022-12-31,0,1,0,10.338341809500008,0.12932618963601356,0.14994602623638464
BANK_25,2023-03-31,0,1,0,10.338341809500008,0.1378685992340487,0.16309472896350713
BANK_25,2023-06-30,0,1,0,10.338341809500008,0.09222598754766134,0.14431857670165665
BANK_25,2023-09-30,0,1,0,10.338341809500008,0.12757126514203038,0.13169231551605134
BANK_25,2023-12-31,0,1,0,10.338341809500008,0.11465560195286946,0.15200651803955686
BANK_25,2024-03-31,0,1,0,10.338341809500008,0.1037582283597473,0.16188145734706982
BANK_25,2024-06-30,0,1,0,10.338341809500008,0.1349054041044226,0.1553674362301246
BANK_25,2024-09-30,0,1,0,10.338341809500008,0.12175394709012816,0.13780885388680783
BANK_25,2024-12-31,0,1,0,10.338341809500008,0.12759568102629526,0.15117721217380908
BANK_25,2025-03-31,0,1,0,10.338341809500008,0.134368595285946,0.15833807339159364
BANK_25,2025-06-30,0,1,0,10.338341809500008,0.09661426924266854,0.14572244312953248
BANK_25,2025-09-30,0,1,0,10.338341809500008,0.13363938260047223,0.14453492605491244
BANK_25,2025-12-31,0,1,0,10.338341809500008,0.11925755313949772,0.14484282930066997
BANK_26,2018-03-31,0,0,0,10.760521416111365,0.085007845099363,0.18062524919243145
BANK_26,2018-06-30,0,0,0,10.760521416111365,0.13294498210444033,0.14932467085745726
BANK_26,2018-09-30,0,0,0,10.760521416111365,0.13802759691555025,0.16024219456672759
BANK_26,2018-12-31,0,0,0,10.760521416111365,0.10506565875650599,0.1741222055541543
BANK_26,2019-03-31,0,0,0,10.760521416111365,0.13291566549827866,0.1493760647185312
BANK_26,2019-06-30,0,0,0,10.760521416111365,0.10564938127523692,0.16428307097207648
BANK_26,2019-09-30,0,0,0,10.760521416111365,0.12316121734214952,0.17187386051564751
BANK_26,2019-12-31,0,0,0,10.760521416111365,0.13341548318106813,0.18589563642018614
BANK_26,2020-03-31,0,0,0,10.760521416111365,0.09124471664585494,0.16194384301577336
BANK_26,2020-06-30,0,0,0,10.760521416111365,0.13149062318942983,0.15646833707189312
BANK_26,2020-09-30,0,0,0,10.760521416111365,0.12261456791739869,0.16168460976269614
BANK_26,2020-12-31,0,0,0,10.760521416111365,0.09886100679102491,0.1731759753560796
BANK_26,2021-03-31,0,0,0,10.760521416111365,0.10755591183039284,0.17317115067339867
BANK_26,2021-06-30,0,0,0,10.760521416111365,0.10146789591952651,0.15881931473008923
BANK_26,2021-09-30,0,0,0,10.760521416111365,0.10011248284225237,0.1729699454656111
BANK_26,2021-12-31,0,0,0,10.760521416111365,0.09042569558814463,0.1597713193770112
BANK_26,2022-03-31,0,0,0,10.760521416111365,0.086038248711412,0.16840620026504555
BANK_26,2022-06-30,0,1,0,10.760521416111365,0.09439244676535669,0.1654673356820138
BANK_26,2022-09-30,0,1,0,10.760521416111365,0.10702105873432477,0.15608241850956178
BANK_26,2022-12-31,0,1,0,10.760521416111365,0.1249295802177984,0.15077589815501496
BANK_26,2023-03-31,0,1,0,10.760521416111365,0.10114249679657927,0.17217158520825496
BANK_26,2023-06-30,0,1,0,10.760521416111365,0.1304868531850856,0.17521316051922453
BANK_26,2023-09-30,0,1,0,10.760521416111365,0.11804852829774422,0.1640373009033661
BANK_26,2023-12-31,0,1,0,10.760521416111365,0.08757588449387017,0.15975804393609083
BANK_26,2024-03-31,0,1,0,10.760521416111365,0.12117963180116587,0.14820960208840198
BANK_26,2024-06-30,0,1,0,10.760521416111365,0.08417846888974434,0.17187679388461563
BANK_26,2024-09-30,0,1,0,10.760521416111365,0.09363077342141089,0.16283287871546143
BANK_26,2024-12-31,0,1,0,10.760521416111365,0.13022246751457642,0.15741095026295923
BANK_26,2025-03-31,0,1,0,10.760521416111365,0.12164903441058987,0.16871297297457244
BANK_26,2025-06-30,0,1,0,10.760521416111365,0.11075928518870318,0.14654020319753253
BANK_26,2025-09-30,0,1,0,10.760521416111365,0.08199136127374558,0.14999668675394426
BANK_26,2025-12-31,0,1,0,10.760521416111365,0.09823678407444343,0.1532225502947515
BANK_27,2018-03-31,0,0,0,13.265813952656416,0.11989909420855972,0.17723610587228875
BANK_27,2018-06-30,0,0,0,13.265813952656416,0.09561721145396018,0.1766746078163931
BANK_27,2018-09-30,0,0,0,13.265813952656416,0.1136264378588264,0.17272697793529934
BANK_27,2018-12-31,0,0,0,13.265813952656416,0.08665936815280886,0.17650381788721267
BANK_27,2019-03-31,0,0,0,13.265813952656416,0.13187381657136021,0.15295121445867674
BANK_27,2019-06-30,0,0,0,13.265813952656416,0.11279889321126732,0.14723008792466946
BANK_27,2019-09-30,0,0,0,13.265813952656416,0.08664323559957894,0.1725293681426508
BANK_27,2019-12-31,0,0,0,13.265813952656416,0.10535290569871668,0.16936553936055854
BANK_27,2020-03-31,0,0,0,13.265813952656416,0.13150050060794727,0.16778139096204692
BANK_27,2020-06-30,0,0,0,13.265813952656416,0.09753309382771387,0.17421684468264442
BANK_27,2020-09-30,0,0,0,13.265813952656416,0.12829440661048633,0.17195975033864602
BANK_27,2020-12-31,0,0,0,13.265813952656416,0.08108039333602728,0.17316979417773404
BANK_27,2021-03-31,0,0,0,13.265813952656416,0.0968912719048958,0.17888662753550957
BANK_27,2021-06-30,0,0,0,13.265813952656416,0.1323652303739677,0.16473244567345008
BANK_27,2021-09-30,0,0,0,13.265813952656416,0.11244190859869463,0.17339514483818838
BANK_27,2021-12-31,0,0,0,13.265813952656416,0.08579206821172645,0.1635422864936343
BANK_27,2022-03-31,0,0,0,13.265813952656416,0.11590144905786554,0.1511479994797888
BANK_27,2022-06-30,0,1,0,13.265813952656416,0.09783426846251704,0.16703732556491116
BANK_27,2022-09-30,0,1,0,13.265813952656416,0.08288857015870121,0.18050110596108912
BANK_27,2022-12-31,0,1,0,13.265813952656416,0.13417369971151924,0.16136048778579193
BANK_27,2023-03-31,0,1,0,13.265813952656416,0.11559329420644307,0.17428312962473494
BANK_27,2023-06-30,0,1,0,13.265813952656416,0.13353814988837914,0.17899135713687492
BANK_27,2023-09-30,0,1,0,13.265813952656416,0.082080216003589,0.17734304675561496
BANK_27,2023-12-31,0,1,0,13.265813952656416,0.11496841010500938,0.16350668688079603
BANK_27,2024-03-31,0,1,0,13.265813952656416,0.12988241086314262,0.16266212026214635
BANK_27,2024-06-30,0,1,0,13.265813952656416,0.11593871049063265,0.17036063391469625
BANK_27,2024-09-30,0,1,0,13.265813952656416,0.12975720795900533,0.17265155527298887
BANK_27,2024-12-31,0,1,0,13.265813952656416,0.13273873401693606,0.1764193053496155
BANK_27,2025-03-31,0,1,0,13.265813952656416,0.10582564461925942,0.17653283173249537
BANK_27,2025-06-30,0,1,0,13.265813952656416,0.09901679526746716,0.1968753436569696
BANK_27,2025-09-30,0,1,0,13.265813952656416,0.1161154058609079,0.18474056052488078
BANK_27,2025-12-31,0,1,0,13.265813952656416,0.13355139739729077,0.16647986925146524
BANK_28,2018-03-31,0,0,0,12.216900071895939,0.11550182973837954,0.19612278257988644
BANK_28,2018-06-30,0,0,0,12.216900071895939,0.12215802638513099,0.19314914453584048
BANK_28,2018-09-30,0,0,0,12.216900071895939,0.08625348816850087,0.18075433638901592
BANK_28,2018-12-31,0,0,0,12.216900071895939,0.10307067965868875,0.1639803418810283
BANK_28,2019-03-31,0,0,0,12.216900071895939,0.13703186315517224,0.20170942717497814
BANK_28,2019-06-30,0,0,0,12.216900071895939,0.11603906399290137,0.17824114187567663
BANK_28,2019-09-30,0,0,0,12.216900071895939,0.1180462418825799,0.18043602446372453
BANK_28,2019-12-31,0,0,0,12.216900071895939,0.08425593296802641,0.19695051040430753
BANK_28,2020-03-31,0,0,0,12.216900071895939,0.10834960130039081,0.1725752941430195
BANK_28,2020-06-30,0,0,0,12.216900071895939,0.08273892473014302,0.16679977488779293
BANK_28,2020-09-30,0,0,0,12.216900071895939,0.13829196145406306,0.17570697775482738
BANK_28,2020-12-31,0,0,0,12.216900071895939,0.09988082042618306,0.17307579020126143
BANK_28,2021-03-31,0,0,0,12.216900071895939,0.1166468042645461,0.16593682536328166
BANK_28,2021-06-30,0,0,0,12.216900071895939,0.09684099293095846,0.17916894427371305
BANK_28,2021-09-30,0,0,0,12.216900071895939,0.08033034794962525,0.18082439752934504
BANK_28,2021-12-31,0,0,0,12.216900071895939,0.08045984195895352,0.16542448500535067
BANK_28,2022-03-31,0,0,0,12.216900071895939,0.1281551407747888,0.17690790922950136
BANK_28,2022-06-30,0,1,0,12.216900071895939,0.11432291860215806,0.17247843594409415
BANK_28,2022-09-30,0,1,0,12.216900071895939,0.13590522316596898,0.16124827530354255
BANK_28,2022-12-31,0,1,0,12.216900071895939,0.10382090247423151,0.18115026079147417
BANK_28,2023-03-31,0,1,0,12.216900071895939,0.08683030360859609,0.18213196628237688
BANK_28,2023-06-30,0,1,0,12.216900071895939,0.10071338856810153,0.1724803066826118
BANK_28,2023-09-30,0,1,0,12.216900071895939,0.10961279482040713,0.19076007138598597
BANK_28,2023-12-31,0,1,0,12.216900071895939,0.12213552596189986,0.18021311648671942
BANK_28,2024-03-31,0,1,0,12.216900071895939,0.10530969071232989,0.17291593233089536
BANK_28,2024-06-30,0,1,0,12.216900071895939,0.10466126451593274,0.16486285607387172
BANK_28,2024-09-30,0,1,0,12.216900071895939,0.11647431284544224,0.18267126651011484
BANK_28,2024-12-31,0,1,0,12.216900071895939,0.09856236307176693,0.18508725023229933
BANK_28,2025-03-31,0,1,0,12.216900071895939,0.09545643322002331,0.1751693894831656
BANK_28,2025-06-30,0,1,0,12.216900071895939,0.0835714820208663,0.1814679301198555
BANK_28,2025-09-30,0,1,0,12.216900071895939,0.08686925828395431,0.19612220628255422
BANK_28,2025-12-31,0,1,0,12.216900071895939,0.10303033298269877,0.18896839315865532
BANK_29,2018-03-31,0,0,0,12.28118254477771,0.10513686741124853,0.18111852104272624
BANK_29,2018-06-30,0,0,0,12.28118254477771,0.1250706828685051,0.18693118851312626
BANK_29,2018-09-30,0,0,0,12.28118254477771,0.12011435880337484,0.19511924091029276
BANK_29,2018-12-31,0,0,0,12.28118254477771,0.12072019740035389,0.1883169176603793
BANK_29,2019-03-31,0,0,0,12.28118254477771,0.0806078710416646,0.20176175105239919
BANK_29,2019-06-30,0,0,0,12.28118254477771,0.11816576278457254,0.17266016470582649
BANK_29,2019-09-30,0,0,0,12.28118254477771,0.13242191560798072,0.19206724047244994
BANK_29,2019-12-31,0,0,0,12.28118254477771,0.12343838332796564,0.19758938600121947
BANK_29,2020-03-31,0,0,0,12.28118254477771,0.08852822742760746,0.1905835100428548
BANK_29,2020-06-30,0,0,0,12.28118254477771,0.08070239664385424,0.18255215793273474
BANK_29,2020-09-30,0,0,0,12.28118254477771,0.10916002962785619,0.1730290261501375
BANK_29,2020-12-31,0,0,0,12.28118254477771,0.11463199320407305,0.18354430571351524
BANK_29,2021-03-31,0,0,0,12.28118254477771,0.12375040925296689,0.17040609773909257
BANK_29,2021-06-30,0,0,0,12.28118254477771,0.1191374989155164,0.19732649360729082
BANK_29,2021-09-30,0,0,0,12.28118254477771,0.1057958646434089,0.19470978503706782
BANK_29,2021-12-31,0,0,0,12.28118254477771,0.12037799734366594,0.1984560151446695
BANK_29,2022-03-31,0,0,0,12.28118254477771,0.1273391095952476,0.18056149294576282
BANK_29,2022-06-30,0,1,0,12.28118254477771,0.10678517098409493,0.17905413460447073
BANK_29,2022-09-30,0,1,0,12.28118254477771,0.13145374025967704,0.19528068367746235
BANK_29,2022-12-31,0,1,0,12.28118254477771,0.13499811415047244,0.1948869195270922
BANK_29,2023-03-31,0,1,0,12.28118254477771,0.11493192479564684,0.17180692071335277
BANK_29,2023-06-30,0,1,0,12.28118254477771,0.10227034540625767,0.1830681317276358
BANK_29,2023-09-30,0,1,0,12.28118254477771,0.12130430110952822,0.20585646492885734
BANK_29,2023-12-31,0,1,0,12.28118254477771,0.10247317322120729,0.19779566727240383
BANK_29,2024-03-31,0,1,0,12.28118254477771,0.08855564864491453,0.1874674508997479
BANK_29,2024-06-30,0,1,0,12.28118254477771,0.13340582211102853,0.1778554071924734
BANK_29,2024-09-30,0,1,0,12.28118254477771,0.08152686559434505,0.18035595745388308
BANK_29,2024-12-31,0,1,0,12.28118254477771,0.11874934317718906,0.18569843364408165
BANK_29,2025-03-31,0,1,0,12.28118254477771,0.08430271333085906,0.17587331581828974
BANK_29,2025-06-30,0,1,0,12.28118254477771,0.10457773369371393,0.20213316409185642
BANK_29,2025-09-30,0,1,0,12.28118254477771,0.11634675496716143,0.20110302361982765
BANK_29,2025-12-31,0,1,0,12.28118254477771,0.10187562369185241,0.1781659381173347
BANK_30,2018-03-31,0,0,0,11.08946277127495,0.12129645414681423,0.14973594243041072
BANK_30,2018-06-30,0,0,0,11.08946277127495,0.08843317805470165,0.15280161158819605
BANK_30,2018-09-30,0,0,0,11.08946277127495,0.11032730707462701,0.14526160652929082
BANK_30,2018-12-31,0,0,0,11.08946277127495,0.13784104442706216,0.1498554772912172
BANK_30,2019-03-31,0,0,0,11.08946277127495,0.08185734745516061,0.1456361410947343
BANK_30,2019-06-30,0,0,0,11.08946277127495,0.10327920559681217,0.14890390196074169
BANK_30,2019-09-30,0,0,0,11.08946277127495,0.09735468631835928,0.14741203937332897
BANK_30,2019-12-31,0,0,0,11.08946277127495,0.13400499098098886,0.16598647170504716
BANK_30,2020-03-31,0,0,0,11.08946277127495,0.11617657258876771,0.15696954404510735
BANK_30,2020-06-30,0,0,0,11.08946277127495,0.12960244158448925,0.1466618051024399
BANK_30,2020-09-30,0,0,0,11.08946277127495,0.10313071428421534,0.1489269785599577
BANK_30,2020-12-31,0,0,0,11.08946277127495,0.10042322625527035,0.15447716925810276
BANK_30,2021-03-31,0,0,0,11.08946277127495,0.11322268912148067,0.13806074993600945
BANK_30,2021-06-30,0,0,0,11.08946277127495,0.11250228874460025,0.15142943094763706
BANK_30,2021-09-30,0,0,0,11.08946277127495,0.10642648101874545,0.15638051101440756
BANK_30,2021-12-31,0,0,0,11.08946277127495,0.09813999496108963,0.15500844474944456
BANK_30,2022-03-31,0,0,0,11.08946277127495,0.0834588549319415,0.1421221624809176
BANK_30,2022-06-30,0,1,0,11.08946277127495,0.1005468787300828,0.14379152401748885
BANK_30,2022-09-30,0,1,0,11.08946277127495,0.11482805605962176,0.13020700189624212
BANK_30,2022-12-31,0,1,0,11.08946277127495,0.08835180208074173,0.15747910256117534
BANK_30,2023-03-31,0,1,0,11.08946277127495,0.1093338699075471,0.17074082669749974
BANK_30,2023-06-30,0,1,0,11.08946277127495,0.10410672803925947,0.14080615408413577
BANK_30,2023-09-30,0,1,0,11.08946277127495,0.11723962878947505,0.1610095963499857
BANK_30,2023-12-31,0,1,0,11.08946277127495,0.092078726469346,0.16958347454220593
BANK_30,2024-03-31,0,1,0,11.08946277127495,0.1085327622492096,0.14534689543219947
BANK_30,2024-06-30,0,1,0,11.08946277127495,0.1125814750374598,0.14894051645695863
BANK_30,2024-09-30,0,1,0,11.08946277127495,0.11200319772592177,0.15253739661494572
BANK_30,2024-12-31,0,1,0,11.08946277127495,0.1321981495788611,0.15467693171765431
BANK_30,2025-03-31,0,1,0,11.08946277127495,0.0874892488380109,0.153080505395041
BANK_30,2025-06-30,0,1,0,11.08946277127495,0.12765263975296434,0.1460835143257821
BANK_30,2025-09-30,0,1,0,11.08946277127495,0.1366425256295239,0.1562157188985605
BANK_30,2025-12-31,0,1,0,11.08946277127495,0.08892775816430694,0.14630389663956367
BANK_31,2018-03-31,0,0,0,12.313378025326967,0.13181285135087273,0.1598652817833484
BANK_31,2018-06-30,0,0,0,12.313378025326967,0.11532389132787921,0.16390522897565002
BANK_31,2018-09-30,0,0,0,12.313378025326967,0.09219338546516524,0.1455194362795931
BANK_31,2018-12-31,0,0,0,12.313378025326967,0.12570789148266184,0.1515725740998506
BANK_31,2019-03-31,0,0,0,12.313378025326967,0.10953952880007092,0.16240471249330207
BANK_31,2019-06-30,0,0,0,12.313378025326967,0.11463674175398789,0.1358025475258824
BANK_31,2019-09-30,0,0,0,12.313378025326967,0.12587166767928307,0.17193956259988277
BANK_31,2019-12-31,0,0,0,12.313378025326967,0.1144117370873344,0.1566310217441651
BANK_31,2020-03-31,0,0,0,12.313378025326967,0.1335854123117249,0.17165806019208385
BANK_31,2020-06-30,0,0,0,12.313378025326967,0.08374745561714429,0.15795545020314775
BANK_31,2020-09-30,0,0,0,12.313378025326967,0.11062594934025394,0.1586474567460631
BANK_31,2020-12-31,0,0,0,12.313378025326967,0.11759555066559263,0.17003566560183286
BANK_31,2021-03-31,0,0,0,12.313378025326967,0.12336241746189372,0.17957063640541643
BANK_31,2021-06-30,0,0,0,12.313378025326967,0.12155194589222648,0.15758585589579793
BANK_31,2021-09-30,0,0,0,12.313378025326967,0.10152293152502082,0.15590039496147226
BANK_31,2021-12-31,0,0,0,12.313378025326967,0.12826623246077032,0.1525292192069836
BANK_31,2022-03-31,0,0,0,12.313378025326967,0.1374468811422858,0.15105650087324599
BANK_31,2022-06-30,0,1,0,12.313378025326967,0.08053179710680813,0.15316040498200903
BANK_31,2022-09-30,0,1,0,12.313378025326967,0.0808589166600236,0.1546438666157459
BANK_31,2022-12-31,0,1,0,12.313378025326967,0.12427217111369182,0.1685661710462568
BANK_31,2023-03-31,0,1,0,12.313378025326967,0.08857101723805032,0.16515042673276187
BANK_31,2023-06-30,0,1,0,12.313378025326967,0.12520567533541815,0.16715658244757892
BANK_31,2023-09-30,0,1,0,12.313378025326967,0.1259669559677352,0.16697102855908272
BANK_31,2023-12-31,0,1,0,12.313378025326967,0.13075528638066394,0.17182453826605304
BANK_31,2024-03-31,0,1,0,12.313378025326967,0.10925766858003266,0.15232945493429323
BANK_31,2024-06-30,0,1,0,12.313378025326967,0.0846589600802963,0.16211817078974478
BANK_31,2024-09-30,0,1,0,12.313378025326967,0.08396059064841449,0.14359733360774685
BANK_31,2024-12-31,0,1,0,12.313378025326967,0.10092923203816877,0.14367441597007907
BANK_31,2025-03-31,0,1,0,12.313378025326967,0.13686128155786825,0.16106787193474173
BANK_31,2025-06-30,0,1,0,12.313378025326967,0.08433898851547632,0.15865231420884882
BANK_31,2025-09-30,0,1,0,12.313378025326967,0.09797394067723245,0.16030190787210155
BANK_31,2025-12-31,0,1,0,12.313378025326967,0.08461172451656981,0.1660860744235674
BANK_32,2018-03-31,0,0,0,12.503121340352088,0.08301356068783843,0.17659245668432402
BANK_32,2018-06-30,0,0,0,12.503121340352088,0.08437411012207421,0.17937570137626557
BANK_32,2018-09-30,0,0,0,12.503121340352088,0.09394305938336288,0.15392440135631025
BANK_32,2018-12-31,0,0,0,12.503121340352088,0.09686026993452282,0.16237275221433783
BANK_32,2019-03-31,0,0,0,12.503121340352088,0.09928974207487293,0.17829474841931747
BANK_32,2019-06-30,0,0,0,12.503121340352088,0.1085862191806275,0.16806173861227194
BANK_32,2019-09-30,0,0,0,12.503121340352088,0.13873886691048853,0.17635418030209224
BANK_32,2019-12-31,0,0,0,12.503121340352088,0.11620958576260274,0.15760741605146525
BANK_32,2020-03-31,0,0,0,12.503121340352088,0.08737524070792325,0.1836065859583865
BANK_32,2020-06-30,0,0,0,12.503121340352088,0.13331954481592392,0.15691179600880886
BANK_32,2020-09-30,0,0,0,12.503121340352088,0.11515188730721115,0.13980487844179174
BANK_32,2020-12-31,0,0,0,12.503121340352088,0.11748703176736416,0.17183849544753693
BANK_32,2021-03-31,0,0,0,12.503121340352088,0.09451590081893178,0.17209659415274625
BANK_32,2021-06-30,0,0,0,12.503121340352088,0.1228371579503954,0.16508363814367952
BANK_32,2021-09-30,0,0,0,12.503121340352088,0.11315005804447335,0.17476357769356218
BANK_32,2021-12-31,0,0,0,12.503121340352088,0.11121019353864509,0.17505470159166625
BANK_32,2022-03-31,0,0,0,12.503121340352088,0.09628456282680287,0.17392415967178765
BANK_32,2022-06-30,0,1,0,12.503121340352088,0.1098017253690768,0.164910363742925
BANK_32,2022-09-30,0,1,0,12.503121340352088,0.1177734618135042,0.1630528686891094
BANK_32,2022-12-31,0,1,0,12.503121340352088,0.08325992208937423,0.16590717561886895
BANK_32,2023-03-31,0,1,0,12.503121340352088,0.08000808158026912,0.16177580067617797
BANK_32,2023-06-30,0,1,0,12.503121340352088,0.11066774835423379,0.1812103066732447
BANK_32,2023-09-30,0,1,0,12.503121340352088,0.13036030954136016,0.16672105283487082
BANK_32,2023-12-31,0,1,0,12.503121340352088,0.08022919535951499,0.17155190683858978
BANK_32,2024-03-31,0,1,0,12.503121340352088,0.09897620898375842,0.17825098264667633
BANK_32,2024-06-30,0,1,0,12.503121340352088,0.08611354328396081,0.16132869784289097
BANK_32,2024-09-30,0,1,0,12.503121340352088,0.1305627141296333,0.15654129076526785
BANK_32,2024-12-31,0,1,0,12.503121340352088,0.0988008750551086,0.161807421402785
BANK_32,2025-03-31,0,1,0,12.503121340352088,0.10602904517459177,0.17262561329001924
BANK_32,2025-06-30,0,1,0,12.503121340352088,0.13459658863126353,0.17193589911367543
BANK_32,2025-09-30,0,1,0,12.503121340352088,0.08535737147153438,0.17390464849928888
BANK_32,2025-12-31,0,1,0,12.503121340352088,0.12122115599019458,0.168967782470675
BANK_33,2018-03-31,0,0,0,12.469070202284644,0.12223142549805988,0.1956877860410285
BANK_33,2018-06-30,0,0,0,12.469070202284644,0.08026179617901855,0.16671903737566252
BANK_33,2018-09-30,0,0,0,12.469070202284644,0.1199831248146924,0.1852224368124801
BANK_33,2018-12-31,0,0,0,12.469070202284644,0.13796285030772065,0.17183596013898958
BANK_33,2019-03-31,0,0,0,12.469070202284644,0.08632189533505139,0.16944612982907512
BANK_33,2019-06-30,0,0,0,12.469070202284644,0.12690943180069614,0.19058484543530324
BANK_33,2019-09-30,0,0,0,12.469070202284644,0.1016030279540587,0.17561890175756403
BANK_33,2019-12-31,0,0,0,12.469070202284644,0.13740798892905717,0.18139776969766236
BANK_33,2020-03-31,0,0,0,12.469070202284644,0.10746197630955764,0.1516748042922379
BANK_33,2020-06-30,0,0,0,12.469070202284644,0.09253296344030983,0.18016890716242484
BANK_33,2020-09-30,0,0,0,12.469070202284644,0.08314130121124835,0.1659543574293036
BANK_33,2020-12-31,0,0,0,12.469070202284644,0.1260540577110751,0.16583502364920533
BANK_33,2021-03-31,0,0,0,12.469070202284644,0.13102088006719373,0.19235121821948528
BANK_33,2021-06-30,0,0,0,12.469070202284644,0.09271964328191949,0.1767990801905561
BANK_33,2021-09-30,0,0,0,12.469070202284644,0.13280940427528912,0.17629409476927546
BANK_33,2021-12-31,0,0,0,12.469070202284644,0.09294444075058725,0.2010380609212741
BANK_33,2022-03-31,0,0,0,12.469070202284644,0.09771808865430998,0.18970941331376862
BANK_33,2022-06-30,0,1,0,12.469070202284644,0.08819605421907036,0.19602253225606908
BANK_33,2022-09-30,0,1,0,12.469070202284644,0.098937640625801,0.19274591875293515
BANK_33,2022-12-31,0,1,0,12.469070202284644,0.11868995624133884,0.1881006230405269
BANK_33,2023-03-31,0,1,0,12.469070202284644,0.09195291649364319,0.19547999753924017
BANK_33,2023-06-30,0,1,0,12.469070202284644,0.13341290015817048,0.17238592456715193
BANK_33,2023-09-30,0,1,0,12.469070202284644,0.083485517124821,0.1712151716345193
BANK_33,2023-12-31,0,1,0,12.469070202284644,0.08669073273927659,0.16587464236578997
BANK_33,2024-03-31,0,1,0,12.469070202284644,0.13012881354453168,0.162561518833671
BANK_33,2024-06-30,0,1,0,12.469070202284644,0.08088160331929724,0.18119018406053974
BANK_33,2024-09-30,0,1,0,12.469070202284644,0.08115965785505606,0.16474680909766543
BANK_33,2024-12-31,0,1,0,12.469070202284644,0.08746210394003062,0.16866184404913115
BANK_33,2025-03-31,0,1,0,12.469070202284644,0.10425738483529215,0.1778196412180178
BANK_33,2025-06-30,0,1,0,12.469070202284644,0.11185626070472564,0.15361191499740098
BANK_33,2025-09-30,0,1,0,12.469070202284644,0.10784570956721024,0.17922627608667227
BANK_33,2025-12-31,0,1,0,12.469070202284644,0.1378099544532553,0.1801501922659429
BANK_34,2018-03-31,0,0,0,12.595161400647743,0.12643948268916577,0.17819187184691154
BANK_34,2018-06-30,0,0,0,12.595161400647743,0.1263752889125669,0.2011432169466887
BANK_34,2018-09-30,0,0,0,12.595161400647743,0.08753301288575921,0.19438475738809727
BANK_34,2018-12-31,0,0,0,12.595161400647743,0.08101685989337486,0.1901961665769399
BANK_34,2019-03-31,0,0,0,12.595161400647743,0.08721243374723457,0.1967286123596682
BANK_34,2019-06-30,0,0,0,12.595161400647743,0.09593496997751637,0.19591814133741378
BANK_34,2019-09-30,0,0,0,12.595161400647743,0.1008857355900973,0.19101856295261987
BANK_34,2019-12-31,0,0,0,12.595161400647743,0.10230435769437982,0.20549020151495187
BANK_34,2020-03-31,0,0,0,12.595161400647743,0.13082364961903398,0.19164760841236517
BANK_34,2020-06-30,0,0,0,12.595161400647743,0.08141569787873175,0.19050887701856017
BANK_34,2020-09-30,0,0,0,12.595161400647743,0.12682256741425885,0.19173341664370408
BANK_34,2020-12-31,0,0,0,12.595161400647743,0.10747974554021429,0.192439531979085
BANK_34,2021-03-31,0,0,0,12.595161400647743,0.08394169153726194,0.17399096021523486
BANK_34,2021-06-30,0,0,0,12.595161400647743,0.09369412180962194,0.18171502975219755
BANK_34,2021-09-30,0,0,0,12.595161400647743,0.12484666439580165,0.18896745239850954
BANK_34,2021-12-31,0,0,0,12.595161400647743,0.10842858970387681,0.17356811188845833
BANK_34,2022-03-31,0,0,0,12.595161400647743,0.13776610101519238,0.19020886488295963
BANK_34,2022-06-30,0,1,0,12.595161400647743,0.08453630243700505,0.19230700905718684
BANK_34,2022-09-30,0,1,0,12.595161400647743,0.0917499850480562,0.1773983523482742
BANK_34,2022-12-31,0,1,0,12.595161400647743,0.08844817693356057,0.18383638591960522
BANK_34,2023-03-31,0,1,0,12.595161400647743,0.11469790396522164,0.20281643795003768
BANK_34,2023-06-30,0,1,0,12.595161400647743,0.08881776257529259,0.19557691060725124
BANK_34,2023-09-30,0,1,0,12.595161400647743,0.10328994236761974,0.19498221748496786
BANK_34,2023-12-31,0,1,0,12.595161400647743,0.12044781773216379,0.20140149038521266
BANK_34,2024-03-31,0,1,0,12.595161400647743,0.13504915058791944,0.1818914248878966
BANK_34,2024-06-30,0,1,0,12.595161400647743,0.09743027034028523,0.17742422141085384
BANK_34,2024-09-30,0,1,0,12.595161400647743,0.12246328101605167,0.19987334516589103
BANK_34,2024-12-31,0,1,0,12.595161400647743,0.08373219356988217,0.18924048976357477
BANK_34,2025-03-31,0,1,0,12.595161400647743,0.08805649105413653,0.18164857098369977
BANK_34,2025-06-30,0,1,0,12.595161400647743,0.13747604726340623,0.21089538721694773
BANK_34,2025-09-30,0,1,0,12.595161400647743,0.11003621426928246,0.1739233897288194
BANK_34,2025-12-31,0,1,0,12.595161400647743,0.12077721996410648,0.19184740578895726
BANK_35,2018-03-31,0,0,0,10.381196089867823,0.10757989222415967,0.1584152834203976
BANK_35,2018-06-30,0,0,0,10.381196089867823,0.1127946285219377,0.1438236339060575
BANK_35,2018-09-30,0,0,0,10.381196089867823,0.08994498678920936,0.14436299824942098
BANK_35,2018-12-31,0,0,0,10.381196089867823,0.10673249832451345,0.14916966396507225
BANK_35,2019-03-31,0,0,0,10.381196089867823,0.09451862781902273,0.15447861747751793
BANK_35,2019-06-30,0,0,0,10.381196089867823,0.13763761853079198,0.15371094051313922
BANK_35,2019-09-30,0,0,0,10.381196089867823,0.09557250699056542,0.15047961445981548
BANK_35,2019-12-31,0,0,0,10.381196089867823,0.10621975313993726,0.15331843863258515
BANK_35,2020-03-31,0,0,0,10.381196089867823,0.11734059587703477,0.14283360129947756
BANK_35,2020-06-30,0,0,0,10.381196089867823,0.13887067020573768,0.1515705458140944
BANK_35,2020-09-30,0,0,0,10.381196089867823,0.13447392762677718,0.1554870826798503
BANK_35,2020-12-31,0,0,0,10.381196089867823,0.13662209556921326,0.14418853954549982
BANK_35,2021-03-31,0,0,0,10.381196089867823,0.13863847447949024,0.15026681057110536
BANK_35,2021-06-30,0,0,0,10.381196089867823,0.12543861242806634,0.1557209277840492
BANK_35,2021-09-30,0,0,0,10.381196089867823,0.12309987052232024,0.14915110181497646
BANK_35,2021-12-31,0,0,0,10.381196089867823,0.09484041894914501,0.137566760715939
BANK_35,2022-03-31,0,0,0,10.381196089867823,0.08976198462851395,0.16392472162942573
BANK_35,2022-06-30,0,1,0,10.381196089867823,0.11390511874716538,0.16175283107824048
BANK_35,2022-09-30,0,1,0,10.381196089867823,0.08072618700656645,0.1499364844322713
BANK_35,2022-12-31,0,1,0,10.381196089867823,0.08054230814475753,0.1656225513195042
BANK_35,2023-03-31,0,1,0,10.381196089867823,0.09372060677621653,0.15618488380456474
BANK_35,2023-06-30,0,1,0,10.381196089867823,0.11806182133230124,0.14792522477316128
BANK_35,2023-09-30,0,1,0,10.381196089867823,0.13088252537608905,0.14304328622151796
BANK_35,2023-12-31,0,1,0,10.381196089867823,0.12373168653619682,0.13915808608977676
BANK_35,2024-03-31,0,1,0,10.381196089867823,0.08175018581871588,0.14846173972801632
BANK_35,2024-06-30,0,1,0,10.381196089867823,0.10885340879618055,0.14127070323260432
BANK_35,2024-09-30,0,1,0,10.381196089867823,0.09733309633454995,0.14203829295306256
BANK_35,2024-12-31,0,1,0,10.381196089867823,0.10387019753012942,0.15338993685309246
BANK_35,2025-03-31,0,1,0,10.381196089867823,0.12525589840082138,0.13655885529636813
BANK_35,2025-06-30,0,1,0,10.381196089867823,0.13510558592872451,0.1339673953318405
BANK_35,2025-09-30,0,1,0,10.381196089867823,0.10142726955803018,0.1510052009450816
BANK_35,2025-12-31,0,1,0,10.381196089867823,0.12725294515152677,0.15587731652479941
BANK_36,2018-03-31,0,0,0,11.255006916311501,0.11939786442247258,0.14029896182288165
BANK_36,2018-06-30,0,0,0,11.255006916311501,0.09442393477361041,0.1689259733829931
BANK_36,2018-09-30,0,0,0,11.255006916311501,0.09325116697778053,0.16014273067836435
BANK_36,2018-12-31,0,0,0,11.255006916311501,0.08233579779954005,0.15046060580603354
BANK_36,2019-03-31,0,0,0,11.255006916311501,0.13702755023451776,0.1559296368707322
BANK_36,2019-06-30,0,0,0,11.255006916311501,0.11489733757935162,0.166863184569567
BANK_36,2019-09-30,0,0,0,11.255006916311501,0.11100190311357608,0.17976440584515485
BANK_36,2019-12-31,0,0,0,11.255006916311501,0.12552657522543953,0.1443575838828895
BANK_36,2020-03-31,0,0,0,11.255006916311501,0.13364565815199506,0.15101215951676872
BANK_36,2020-06-30,0,0,0,11.255006916311501,0.13678739078902435,0.1466968637426101
BANK_36,2020-09-30,0,0,0,11.255006916311501,0.1268219301804129,0.15810879609222966
BANK_36,2020-12-31,0,0,0,11.255006916311501,0.10858014399806594,0.1692165011192446
BANK_36,2021-03-31,0,0,0,11.255006916311501,0.115467818195511,0.1454882430994844
BANK_36,2021-06-30,0,0,0,11.255006916311501,0.09116815386520088,0.15987911052153947
BANK_36,2021-09-30,0,0,0,11.255006916311501,0.09242454855265132,0.168868873900973
BANK_36,2021-12-31,0,0,0,11.255006916311501,0.08426949711040597,0.15579238206318946
BANK_36,2022-03-31,0,0,0,11.255006916311501,0.1286527148604751,0.13395786143372868
BANK_36,2022-06-30,0,1,0,11.255006916311501,0.13014955567463096,0.16198948146796494
BANK_36,2022-09-30,0,1,0,11.255006916311501,0.1262673689511132,0.17235782191822155
BANK_36,2022-12-31,0,1,0,11.255006916311501,0.11927904121195729,0.14928946320350953
BANK_36,2023-03-31,0,1,0,11.255006916311501,0.10551369112626165,0.14221412415993484
BANK_36,2023-06-30,0,1,0,11.255006916311501,0.08225426542393445,0.16319651825918977
BANK_36,2023-09-30,0,1,0,11.255006916311501,0.08000069808532197,0.16347676483538337
BANK_36,2023-12-31,0,1,0,11.255006916311501,0.10499394970893754,0.1551277143588645
BANK_36,2024-03-31,0,1,0,11.255006916311501,0.13838468977833998,0.1532429192083839
BANK_36,2024-06-30,0,1,0,11.255006916311501,0.09356751987498033,0.16034152417488026
BANK_36,2024-09-30,0,1,0,11.255006916311501,0.093824999727041,0.14912754061137198
BANK_36,2024-12-31,0,1,0,11.255006916311501,0.08008842932517869,0.14914174871114816
BANK_36,2025-03-31,0,1,0,11.255006916311501,0.12451377961752291,0.16679373282956503
BANK_36,2025-06-30,0,1,0,11.255006916311501,0.1309055227454315,0.14851205964841344
BANK_36,2025-09-30,0,1,0,11.255006916311501,0.09951770804138188,0.14274193271209404
BANK_36,2025-12-31,0,1,0,11.255006916311501,0.12275727998591078,0.15322435347664345
BANK_37,2018-03-31,0,0,0,14.083897332528181,0.13411641180494902,0.16539736598416677
BANK_37,2018-06-30,0,0,0,14.083897332528181,0.12840161118168436,0.15864539106301867
BANK_37,2018-09-30,0,0,0,14.083897332528181,0.11966085525483923,0.18459731875037938
BANK_37,2018-12-31,0,0,0,14.083897332528181,0.08470734897902744,0.1527989744905218
BANK_37,2019-03-31,0,0,0,14.083897332528181,0.09003927824006362,0.18802164808431443
BANK_37,2019-06-30,0,0,0,14.083897332528181,0.12683790304553344,0.1738310021207322
BANK_37,2019-09-30,0,0,0,14.083897332528181,0.0825453378924135,0.17568480225274596
BANK_37,2019-12-31,0,0,0,14.083897332528181,0.09591956825332802,0.17105309320879086
BANK_37,2020-03-31,0,0,0,14.083897332528181,0.12286544984427454,0.1541153545958244
BANK_37,2020-06-30,0,0,0,14.083897332528181,0.12554031695131587,0.17792934853493106
BANK_37,2020-09-30,0,0,0,14.083897332528181,0.11053343333546337,0.170333279256658
BANK_37,2020-12-31,0,0,0,14.083897332528181,0.10215684621293247,0.1604382311685035
BANK_37,2021-03-31,0,0,0,14.083897332528181,0.10770296862878716,0.18081942059740846
BANK_37,2021-06-30,0,0,0,14.083897332528181,0.13525967126579458,0.17995532469083078
BANK_37,2021-09-30,0,0,0,14.083897332528181,0.13170145422724072,0.18087464174031495
BANK_37,2021-12-31,0,0,0,14.083897332528181,0.09644429536053147,0.179241618238559
BANK_37,2022-03-31,0,0,0,14.083897332528181,0.10072051713469328,0.16464040854590706
BANK_37,2022-06-30,0,1,0,14.083897332528181,0.10013662725619057,0.1754002423161692
BANK_37,2022-09-30,0,1,0,14.083897332528181,0.11372436766415428,0.18058207046943905
BANK_37,2022-12-31,0,1,0,14.083897332528181,0.13682544002651115,0.17937560122204763
BANK_37,2023-03-31,0,1,0,14.083897332528181,0.08978212021589546,0.1460872556897585
BANK_37,2023-06-30,0,1,0,14.083897332528181,0.1271723391356635,0.1692512406179351
BANK_37,2023-09-30,0,1,0,14.083897332528181,0.08151160483755376,0.1628750580719176
BANK_37,2023-12-31,0,1,0,14.083897332528181,0.13033983966308066,0.1844442038815369
BANK_37,2024-03-31,0,1,0,14.083897332528181,0.09409840429975717,0.16939711008608388
BANK_37,2024-06-30,0,1,0,14.083897332528181,0.12229226060260291,0.1745479516964238
BANK_37,2024-09-30,0,1,0,14.083897332528181,0.13802211651536878,0.17193207422714193
BANK_37,2024-12-31,0,1,0,14.083897332528181,0.08310012329947766,0.18319644494477297
BANK_37,2025-03-31,0,1,0,14.083897332528181,0.13175842826895073,0.1881922318329972
BANK_37,2025-06-30,0,1,0,14.083897332528181,0.09075533671446741,0.1703993639721469
BANK_37,2025-09-30,0,1,0,14.083897332528181,0.1037932209193978,0.17243637047027519
BANK_37,2025-12-31,0,1,0,14.083897332528181,0.08790290171474562,0.1838675806613115
BANK_38,2018-03-31,0,0,0,14.326478794544563,0.09740273191774622,0.17521162543991595
BANK_38,2018-06-30,0,0,0,14.326478794544563,0.13228484205145127,0.1713722423595688
BANK_38,2018-09-30,0,0,0,14.326478794544563,0.09502807392754994,0.19059936384046622
BANK_38,2018-12-31,0,0,0,14.326478794544563,0.11749244597641995,0.18617005949576698
BANK_38,2019-03-31,0,0,0,14.326478794544563,0.13436522362887565,0.192119439853864
BANK_38,2019-06-30,0,0,0,14.326478794544563,0.08072940628864321,0.18261250531233855
BANK_38,2019-09-30,0,0,0,14.326478794544563,0.11293151990464137,0.17630722860753797
BANK_38,2019-12-31,0,0,0,14.326478794544563,0.09725796374262069,0.1814338846734225
BANK_38,2020-03-31,0,0,0,14.326478794544563,0.11727754694297662,0.16970628491817927
BANK_38,2020-06-30,0,0,0,14.326478794544563,0.10004299794012617,0.16647329714156464
BANK_38,2020-09-30,0,0,0,14.326478794544563,0.08410119201859752,0.1737073660630721
BANK_38,2020-12-31,0,0,0,14.326478794544563,0.12702559054904644,0.19533727709916499
BANK_38,2021-03-31,0,0,0,14.326478794544563,0.12112663299331411,0.174641985369477
BANK_38,2021-06-30,0,0,0,14.326478794544563,0.09994736942892272,0.16292642042407052
BANK_38,2021-09-30,0,0,0,14.326478794544563,0.13666691496165823,0.17844101822063332
BANK_38,2021-12-31,0,0,0,14.326478794544563,0.11850406383791351,0.17451712703509398
BANK_38,2022-03-31,0,0,0,14.326478794544563,0.09193952833756622,0.1911739881590246
BANK_38,2022-06-30,0,1,0,14.326478794544563,0.10510003184613681,0.19448499229892927
BANK_38,2022-09-30,0,1,0,14.326478794544563,0.09667116656538274,0.17586534838876725
BANK_38,2022-12-31,0,1,0,14.326478794544563,0.09657914650795121,0.18260280506582885
BANK_38,2023-03-31,0,1,0,14.326478794544563,0.08405015280102932,0.18343787881549883
BANK_38,2023-06-30,0,1,0,14.326478794544563,0.11112205966283571,0.17951347648429547
BANK_38,2023-09-30,0,1,0,14.326478794544563,0.12427309909007639,0.17769599285794233
BANK_38,2023-12-31,0,1,0,14.326478794544563,0.12227326568164673,0.17075766855731694
BANK_38,2024-03-31,0,1,0,14.326478794544563,0.10385674271317225,0.16153812137761905
BANK_38,2024-06-30,0,1,0,14.326478794544563,0.09585657578951837,0.1707048913980759
BANK_38,2024-09-30,0,1,0,14.326478794544563,0.09611202536405644,0.17916562030209637
BANK_38,2024-12-31,0,1,0,14.326478794544563,0.09724769989383501,0.16550354780301468
BANK_38,2025-03-31,0,1,0,14.326478794544563,0.11621823203356252,0.18207267329398943
BANK_38,2025-06-30,0,1,0,14.326478794544563,0.08461876802389798,0.1806934433703625
BANK_38,2025-09-30,0,1,0,14.326478794544563,0.1159426752290229,0.17453319915412735
BANK_38,2025-12-31,0,1,0,14.326478794544563,0.11741892669741597,0.17728344889673947
BANK_39,2018-03-31,0,0,0,13.24252410059344,0.11660044502476916,0.20189911397241167
BANK_39,2018-06-30,0,0,0,13.24252410059344,0.0987744436528189,0.20013675740543863
BANK_39,2018-09-30,0,0,0,13.24252410059344,0.1319657380167015,0.19655601427549507
BANK_39,2018-12-31,0,0,0,13.24252410059344,0.13680402373540373,0.17463476385056217
BANK_39,2019-03-31,0,0,0,13.24252410059344,0.11525515226656412,0.18785089644849923
BANK_39,2019-06-30,0,0,0,13.24252410059344,0.12206837566504843,0.19276793449325288
BANK_39,2019-09-30,0,0,0,13.24252410059344,0.08092369350147852,0.18135434272721698
BANK_39,2019-12-31,0,0,0,13.24252410059344,0.1149755634082558,0.20695388458451963
BANK_39,2020-03-31,0,0,0,13.24252410059344,0.13745486090502906,0.18672881803411187
BANK_39,2020-06-30,0,0,0,13.24252410059344,0.10394211905854608,0.17376444761976867
BANK_39,2020-09-30,0,0,0,13.24252410059344,0.12034762988150174,0.18614616672474785
BANK_39,2020-12-31,0,0,0,13.24252410059344,0.13862041726633662,0.19420452477247557
BANK_39,2021-03-31,0,0,0,13.24252410059344,0.12490306098057388,0.1813560892908582
BANK_39,2021-06-30,0,0,0,13.24252410059344,0.13487291983091354,0.1885907208572238
BANK_39,2021-09-30,0,0,0,13.24252410059344,0.1060641991403966,0.17394534910280954
BANK_39,2021-12-31,0,0,0,13.24252410059344,0.12340686907100007,0.1856099404912877
BANK_39,2022-03-31,0,0,0,13.24252410059344,0.11679750109324274,0.1901580754411184
BANK_39,2022-06-30,0,1,0,13.24252410059344,0.11826129481375613,0.18913244249451056
BANK_39,2022-09-30,0,1,0,13.24252410059344,0.08548348917990659,0.1980753099981881
BANK_39,2022-12-31,0,1,0,13.24252410059344,0.09195622018800806,0.18026757686627468
BANK_39,2023-03-31,0,1,0,13.24252410059344,0.08082473324068072,0.1935918304919208
BANK_39,2023-06-30,0,1,0,13.24252410059344,0.09490257562218801,0.19567941743075132
BANK_39,2023-09-30,0,1,0,13.24252410059344,0.09485358621679318,0.18301395164403947
BANK_39,2023-12-31,0,1,0,13.24252410059344,0.08375157774457075,0.1812948289415231
BANK_39,2024-03-31,0,1,0,13.24252410059344,0.11640390348304619,0.2070501414720703
BANK_39,2024-06-30,0,1,0,13.24252410059344,0.12037230011588479,0.1869919668778307
BANK_39,2024-09-30,0,1,0,13.24252410059344,0.12937902830250606,0.19407876782375322
BANK_39,2024-12-31,0,1,0,13.24252410059344,0.1359626304879657,0.19452531436359485
BANK_39,2025-03-31,0,1,0,13.24252410059344,0.11700701647115247,0.17599580439669232
BANK_39,2025-06-30,0,1,0,13.24252410059344,0.12457288962007634,0.19206774779834418
BANK_39,2025-09-30,0,1,0,13.24252410059344,0.08410752316001469,0.1915433668706441
BANK_39,2025-12-31,0,1,0,13.24252410059344,0.10226677630580767,0.20711937195817032
BANK_40,2018-03-31,0,0,0,14.603833042316786,0.09613121086293161,0.16072978047766012
BANK_40,2018-06-30,0,0,0,14.603833042316786,0.10210693519499474,0.1736387249461936
BANK_40,2018-09-30,0,0,0,14.603833042316786,0.12724322160513998,0.15303818595604876
BANK_40,2018-12-31,0,0,0,14.603833042316786,0.10726072538405931,0.15721562505126144
BANK_40,2019-03-31,0,0,0,14.603833042316786,0.12232764981700919,0.1366139420027675
BANK_40,2019-06-30,0,0,0,14.603833042316786,0.10565608002220024,0.1569291862303161
BANK_40,2019-09-30,0,0,0,14.603833042316786,0.13617683728813562,0.16992515353168117
BANK_40,2019-12-31,0,0,0,14.603833042316786,0.08384038079651726,0.1423334341221665
BANK_40,2020-03-31,0,0,0,14.603833042316786,0.10663516727038268,0.1445044286409142
BANK_40,2020-06-30,0,0,0,14.603833042316786,0.08131479972650053,0.158595878869798
BANK_40,2020-09-30,0,0,0,14.603833042316786,0.08337056464084634,0.1502538842054241
BANK_40,2020-12-31,0,0,0,14.603833042316786,0.10946574376298991,0.13080326843802342
BANK_40,2021-03-31,0,0,0,14.603833042316786,0.11931042287146029,0.14506877177600228
BANK_40,2021-06-30,0,0,0,14.603833042316786,0.09561419587911377,0.16443632003468814
BANK_40,2021-09-30,0,0,0,14.603833042316786,0.08422951673858868,0.1472103706966819
BANK_40,2021-12-31,0,0,0,14.603833042316786,0.09113880229407459,0.14720239831504164
BANK_40,2022-03-31,0,0,0,14.603833042316786,0.12884754113546973,0.1579037189605171
BANK_40,2022-06-30,0,1,0,14.603833042316786,0.12110805859246906,0.1534005129456889
BANK_40,2022-09-30,0,1,0,14.603833042316786,0.09858841251934815,0.14668691616816676
BANK_40,2022-12-31,0,1,0,14.603833042316786,0.09499741678385729,0.14387763265492248
BANK_40,2023-03-31,0,1,0,14.603833042316786,0.10141315851026661,0.17949094425308726
BANK_40,2023-06-30,0,1,0,14.603833042316786,0.10122734952418616,0.16244679580736787
BANK_40,2023-09-30,0,1,0,14.603833042316786,0.09846774990084474,0.1548186606171849
BANK_40,2023-12-31,0,1,0,14.603833042316786,0.13482730663239556,0.15547264797377966
BANK_40,2024-03-31,0,1,0,14.603833042316786,0.1012654969275833,0.148745457399971
BANK_40,2024-06-30,0,1,0,14.603833042316786,0.11033804920531753,0.15327879524159357
BANK_40,2024-09-30,0,1,0,14.603833042316786,0.11320227138498631,0.14770200369424805
BANK_40,2024-12-31,0,1,0,14.603833042316786,0.11018794835309241,0.14148593565739687
BANK_40,2025-03-31,0,1,0,14.603833042316786,0.12061644697981025,0.15367481665474303
BANK_40,2025-06-30,0,1,0,14.603833042316786,0.13027450249110822,0.14686470313827601
BANK_40,2025-09-30,0,1,0,14.603833042316786,0.10635263607498305,0.1542009449045184
BANK_40,2025-12-31,0,1,0,14.603833042316786,0.11663280530092549,0.1560685059321567
